movie_count,threshold,tier,start_date,end_date,days,max_share,avg_share,representative_movies,representative_movie_labels
3,60% 이상,500만미만,2020-01-20,2020-01-20,1,60.10917488977535,60.10917488977535,해치지않아 / 닥터 두리틀 / 나쁜 녀석들: 포에버,"해치지않아 (<5M, 1,222,140명) / 닥터 두리틀 (<5M, 1,604,127명) / 나쁜 녀석들: 포에버 (<5M, 546,121명)"
3,60% 이상,500만미만,2020-01-25,2020-02-07,14,65.89380941340134,62.78003386156793,남산의 부장들 / 히트맨 / 미스터 주: 사라진 VIP,"남산의 부장들 (<5M, 4,748,387명) / 히트맨 (<5M, 2,404,799명) / 미스터 주: 사라진 VIP (<5M, 596,669명)"
3,60% 이상,500만미만,2020-02-10,2020-02-11,2,61.146067415730336,60.8539570528129,클로젯 / 버즈 오브 프레이(할리 퀸의 황홀한 해방) / 남산의 부장들,"클로젯 (<5M, 1,266,654명) / 버즈 오브 프레이(할리 퀸의 황홀한 해방) (<5M, 394,616명) / 남산의 부장들 (<5M, 4,748,387명)"
3,60% 이상,500만미만,2020-02-24,2020-02-25,2,65.4573326520184,63.866026287041834,지푸라기라도 잡고 싶은 짐승들 / 정직한 후보 / 1917,"지푸라기라도 잡고 싶은 짐승들 (<5M, 626,747명) / 정직한 후보 (<5M, 1,531,010명) / 1917 (<5M, 860,622명)"
3,60% 이상,500만미만,2020-06-04,2020-06-07,4,66.08169440242057,64.24754816011533,침입자 / 위대한 쇼맨 / 언더워터,"침입자 (<5M, 530,659명) / 위대한 쇼맨 (<5M, 1,735,819명) / 언더워터 (<5M, 105,265명)"
3,70% 이상,500만미만,2020-06-08,2020-06-09,2,71.70212765957447,71.11719001942419,침입자 / 위대한 쇼맨 / 언더워터,"침입자 (<5M, 530,659명) / 위대한 쇼맨 (<5M, 1,735,819명) / 언더워터 (<5M, 105,265명)"
3,60% 이상,500만미만,2020-06-10,2020-07-07,28,69.31644463856738,65.18601184322993,#살아있다 / 온워드: 단 하루의 기적 / 결백,"#살아있다 (<5M, 1,903,703명) / 온워드: 단 하루의 기적 (<5M, 415,524명) / 결백 (<5M, 894,025명)"
3,60% 이상,500만미만,2020-07-10,2020-07-10,1,60.27503892060197,60.27503892060197,#살아있다 / 밤쉘: 세상을 바꾼 폭탄선언 / 결백,"#살아있다 (<5M, 1,903,703명) / 밤쉘: 세상을 바꾼 폭탄선언 (<5M, 181,559명) / 결백 (<5M, 894,025명)"
3,60% 이상,500만미만,2020-07-13,2020-07-14,2,61.191489361702125,61.02253948017271,#살아있다 / 밤쉘: 세상을 바꾼 폭탄선언 / 결백,"#살아있다 (<5M, 1,903,703명) / 밤쉘: 세상을 바꾼 폭탄선언 (<5M, 181,559명) / 결백 (<5M, 894,025명)"
3,70% 이상,500만미만,2020-07-15,2020-07-21,7,86.03115922894112,82.41216594666935,반도 / #살아있다 / 밤쉘: 세상을 바꾼 폭탄선언,"반도 (<5M, 3,810,397명) / #살아있다 (<5M, 1,903,703명) / 밤쉘: 세상을 바꾼 폭탄선언 (<5M, 181,559명)"
3,60% 이상,1000만+,2020-07-22,2020-07-28,7,69.96820738566888,68.74870054582993,반도 / 알라딘 / 팬데믹,"반도 (<5M, 3,810,397명) / 알라딘 (10M+, 12,797,927명) / 팬데믹 (<5M, 19,945명)"
3,70% 이상,1000만+,2020-07-29,2020-07-30,2,83.35454314074829,81.91304199190307,강철비2: 정상회담 / 반도 / 알라딘,"강철비2: 정상회담 (<5M, 1,790,797명) / 반도 (<5M, 3,810,397명) / 알라딘 (10M+, 12,797,927명)"
3,70% 이상,500만미만,2020-07-31,2020-08-11,12,82.59871441689623,79.53152771487756,강철비2: 정상회담 / 반도 / 빅샤크3: 젤리몬스터 대소동,"강철비2: 정상회담 (<5M, 1,790,797명) / 반도 (<5M, 3,810,397명) / 빅샤크3: 젤리몬스터 대소동 (<5M, 69,761명)"
3,60% 이상,500만미만,2020-08-12,2020-08-17,6,69.44719635426986,68.22783118107112,다만 악에서 구하소서 / 오케이 마담 / 강철비2: 정상회담,"다만 악에서 구하소서 (<5M, 4,353,414명) / 오케이 마담 (<5M, 1,228,551명) / 강철비2: 정상회담 (<5M, 1,790,797명)"
3,70% 이상,500만미만,2020-08-18,2020-08-19,2,71.98637911464245,71.5241113776246,다만 악에서 구하소서 / 오케이 마담 / 강철비2: 정상회담,"다만 악에서 구하소서 (<5M, 4,353,414명) / 오케이 마담 (<5M, 1,228,551명) / 강철비2: 정상회담 (<5M, 1,790,797명)"
3,60% 이상,500만미만,2020-08-20,2020-08-25,6,67.89844142785319,65.05373700064416,다만 악에서 구하소서 / 오케이 마담 / 극장판 짱구는 못말려: 신혼여행 허리케인~ 사라진 아빠!,"다만 악에서 구하소서 (<5M, 4,353,414명) / 오케이 마담 (<5M, 1,228,551명) / 극장판 짱구는 못말려: 신혼여행 허리케인~ 사라진 아빠! (<5M, 120,580명)"
3,70% 이상,500만미만,2020-08-26,2020-09-08,14,82.63823805060919,78.8591155878623,테넷 / 다만 악에서 구하소서 / 오케이 마담,"테넷 (<5M, 1,996,621명) / 다만 악에서 구하소서 (<5M, 4,353,414명) / 오케이 마담 (<5M, 1,228,551명)"
3,60% 이상,500만미만,2020-09-09,2020-09-16,8,68.62399193548387,66.06558495398197,테넷 / 오! 문희 / 에이바,"테넷 (<5M, 1,996,621명) / 오! 문희 (<5M, 348,459명) / 에이바 (<5M, 24,517명)"
3,70% 이상,500만미만,2020-09-17,2020-09-22,6,80.75684380032206,77.36891923457952,뮬란 / 테넷 / 오! 문희,"뮬란 (<5M, 226,101명) / 테넷 (<5M, 1,996,621명) / 오! 문희 (<5M, 348,459명)"
3,60% 이상,500만미만,2020-10-19,2020-10-20,2,63.63109048723898,62.71718458788179,소리도 없이 / 담보 / 돌멩이,"소리도 없이 (<5M, 398,025명) / 담보 (<5M, 1,715,630명) / 돌멩이 (<5M, 14,680명)"
3,70% 이상,500만미만,2020-10-21,2020-10-27,7,78.21168866145973,74.93060791009849,삼진그룹 영어토익반 / 소리도 없이 / 담보,"삼진그룹 영어토익반 (<5M, 1,566,916명) / 소리도 없이 (<5M, 398,025명) / 담보 (<5M, 1,715,630명)"
3,60% 이상,500만미만,2020-11-02,2020-11-03,2,60.75722691225377,60.6640390686553,삼진그룹 영어토익반 / 담보 / 위플래쉬,"삼진그룹 영어토익반 (<5M, 1,566,916명) / 담보 (<5M, 1,715,630명) / 위플래쉬 (<5M, 1,717,596명)"
3,70% 이상,500만미만,2020-11-04,2020-11-17,14,85.37906137184116,78.15705853641118,도굴 / 삼진그룹 영어토익반 / 담보,"도굴 (<5M, 1,544,146명) / 삼진그룹 영어토익반 (<5M, 1,566,916명) / 담보 (<5M, 1,715,630명)"
3,60% 이상,500만미만,2020-11-18,2020-11-19,2,62.89592760180996,62.61243925032811,도굴 / 내가 죽던 날 / 삼진그룹 영어토익반,"도굴 (<5M, 1,544,146명) / 내가 죽던 날 (<5M, 234,322명) / 삼진그룹 영어토익반 (<5M, 1,566,916명)"
3,60% 이상,500만미만,2020-11-23,2020-12-09,17,66.33217993079585,62.73567125330887,이웃사촌 / 도굴 / 런,"이웃사촌 (<5M, 427,422명) / 도굴 (<5M, 1,544,146명) / 런 (<5M, 277,525명)"
3,70% 이상,500만미만,2020-12-10,2020-12-10,1,72.21651250428229,72.21651250428229,조제 / 이웃사촌 / 도굴,"조제 (<5M, 209,062명) / 이웃사촌 (<5M, 427,422명) / 도굴 (<5M, 1,544,146명)"
3,60% 이상,500만미만,2020-12-11,2020-12-17,7,69.27214055216923,66.45855969997093,조제 / 이웃사촌 / 도굴,"조제 (<5M, 209,062명) / 이웃사촌 (<5M, 427,422명) / 도굴 (<5M, 1,544,146명)"
3,70% 이상,500만미만,2020-12-23,2020-12-24,2,79.39698492462311,76.34770712199742,원더 우먼 1984 / 조제 / 도굴,"원더 우먼 1984 (<5M, 548,695명) / 조제 (<5M, 209,062명) / 도굴 (<5M, 1,544,146명)"
3,60% 이상,500만미만,2020-12-25,2020-12-26,2,68.64899806076276,67.59548822406384,원더 우먼 1984 / 조제 / 화양연화,"원더 우먼 1984 (<5M, 548,695명) / 조제 (<5M, 209,062명) / 화양연화 (<5M, 114,911명)"
3,70% 이상,500만미만,2020-12-27,2020-12-28,2,70.98004036779547,70.68755104809526,원더 우먼 1984 / 조제 / 화양연화,"원더 우먼 1984 (<5M, 548,695명) / 조제 (<5M, 209,062명) / 화양연화 (<5M, 114,911명)"
3,60% 이상,500만미만,2020-12-29,2021-01-04,7,69.97570288094411,67.57871907909707,원더 우먼 1984 / 화양연화 / 조제,"원더 우먼 1984 (<5M, 548,695명) / 화양연화 (<5M, 114,911명) / 조제 (<5M, 209,062명)"
3,70% 이상,500만미만,2021-01-05,2021-01-05,1,71.89542483660131,71.89542483660131,원더 우먼 1984 / 화양연화 / 조제,"원더 우먼 1984 (<5M, 548,695명) / 화양연화 (<5M, 114,911명) / 조제 (<5M, 209,062명)"
3,60% 이상,500만미만,2021-01-06,2021-01-06,1,63.963002490217,63.963002490217,원더 우먼 1984 / 화양연화 / 완벽한 가족,"원더 우먼 1984 (<5M, 548,695명) / 화양연화 (<5M, 114,911명) / 완벽한 가족 (<5M, 8,634명)"
3,70% 이상,500만미만,2021-01-20,2021-01-27,8,80.22905364677517,76.46509818855614,소울 / 커넥트 / 원더 우먼 1984,"소울 (<5M, 2,037,876명) / 커넥트 (<5M, 13,197명) / 원더 우먼 1984 (<5M, 548,695명)"
3,60% 이상,500만미만,2021-01-28,2021-02-02,6,69.10994764397907,67.19293204063007,소울 / 세자매 / 명탐정 코난: 진홍의 수학여행,"소울 (<5M, 2,037,876명) / 세자매 (<5M, 77,926명) / 명탐정 코난: 진홍의 수학여행 (<5M, 56,837명)"
3,70% 이상,500만미만,2021-02-03,2021-02-03,1,70.21680216802167,70.21680216802167,소울 / 극장판 귀멸의 칼날: 무한열차편 / 어니스트 씨프,"소울 (<5M, 2,037,876명) / 극장판 귀멸의 칼날: 무한열차편 (<5M, 2,213,329명) / 어니스트 씨프 (<5M, 80,784명)"
3,60% 이상,500만미만,2021-02-04,2021-02-09,6,67.87623066104078,65.63054395338237,소울 / 극장판 귀멸의 칼날: 무한열차편 / 어니스트 씨프,"소울 (<5M, 2,037,876명) / 극장판 귀멸의 칼날: 무한열차편 (<5M, 2,213,329명) / 어니스트 씨프 (<5M, 80,784명)"
3,60% 이상,500만미만,2021-02-18,2021-02-18,1,60.08759923350671,60.08759923350671,미션 파서블 / 소울 / 극장판 귀멸의 칼날: 무한열차편,"미션 파서블 (<5M, 444,052명) / 소울 (<5M, 2,037,876명) / 극장판 귀멸의 칼날: 무한열차편 (<5M, 2,213,329명)"
3,60% 이상,500만미만,2021-02-21,2021-02-23,3,63.61161524500907,62.02255988094274,미션 파서블 / 소울 / 극장판 귀멸의 칼날: 무한열차편,"미션 파서블 (<5M, 444,052명) / 소울 (<5M, 2,037,876명) / 극장판 귀멸의 칼날: 무한열차편 (<5M, 2,213,329명)"
3,60% 이상,500만미만,2021-03-20,2021-03-20,1,60.10498687664042,60.10498687664042,미나리 / 극장판 귀멸의 칼날: 무한열차편 / 라야와 마지막 드래곤,"미나리 (<5M, 1,128,307명) / 극장판 귀멸의 칼날: 무한열차편 (<5M, 2,213,329명) / 라야와 마지막 드래곤 (<5M, 316,986명)"
3,60% 이상,500만미만,2021-03-22,2021-03-29,8,69.23973201281677,64.02109011547647,고질라 VS. 콩 / 미나리 / 극장판 귀멸의 칼날: 무한열차편,"고질라 VS. 콩 (<5M, 698,632명) / 미나리 (<5M, 1,128,307명) / 극장판 귀멸의 칼날: 무한열차편 (<5M, 2,213,329명)"
3,70% 이상,500만미만,2021-03-30,2021-03-30,1,71.37756620053555,71.37756620053555,고질라 VS. 콩 / 미나리 / 극장판 귀멸의 칼날: 무한열차편,"고질라 VS. 콩 (<5M, 698,632명) / 미나리 (<5M, 1,128,307명) / 극장판 귀멸의 칼날: 무한열차편 (<5M, 2,213,329명)"
3,60% 이상,500만미만,2021-03-31,2021-04-03,4,61.06615897191814,60.47818553748526,자산어보 / 고질라 VS. 콩 / 극장판 귀멸의 칼날: 무한열차편,"자산어보 (<5M, 342,357명) / 고질라 VS. 콩 (<5M, 698,632명) / 극장판 귀멸의 칼날: 무한열차편 (<5M, 2,213,329명)"
3,60% 이상,500만미만,2021-04-05,2021-04-06,2,64.56628477905073,64.42502877169443,자산어보 / 고질라 VS. 콩 / 극장판 귀멸의 칼날: 무한열차편,"자산어보 (<5M, 342,357명) / 고질라 VS. 콩 (<5M, 698,632명) / 극장판 귀멸의 칼날: 무한열차편 (<5M, 2,213,329명)"
3,60% 이상,500만미만,2021-05-19,2021-05-19,1,66.87177451369591,66.87177451369591,분노의 질주: 더 얼티메이트 / 도라에몽: 스탠바이미 2 / 스파이럴,"분노의 질주: 더 얼티메이트 (<5M, 2,290,975명) / 도라에몽: 스탠바이미 2 (<5M, 81,299명) / 스파이럴 (<5M, 128,928명)"
3,70% 이상,500만미만,2021-05-20,2021-05-20,1,72.15823735603405,72.15823735603405,분노의 질주: 더 얼티메이트 / 도라에몽: 스탠바이미 2 / 스파이럴,"분노의 질주: 더 얼티메이트 (<5M, 2,290,975명) / 도라에몽: 스탠바이미 2 (<5M, 81,299명) / 스파이럴 (<5M, 128,928명)"
3,60% 이상,500만미만,2021-05-21,2021-05-24,4,69.97934950955086,68.42142217018643,분노의 질주: 더 얼티메이트 / 극장판 귀멸의 칼날: 무한열차편 / 스파이럴,"분노의 질주: 더 얼티메이트 (<5M, 2,290,975명) / 극장판 귀멸의 칼날: 무한열차편 (<5M, 2,213,329명) / 스파이럴 (<5M, 128,928명)"
3,70% 이상,500만미만,2021-05-25,2021-06-02,9,77.29113924050633,74.46809552124533,분노의 질주: 더 얼티메이트 / 크루엘라 / 파이프라인,"분노의 질주: 더 얼티메이트 (<5M, 2,290,975명) / 크루엘라 (<5M, 1,978,688명) / 파이프라인 (<5M, 139,818명)"
3,60% 이상,500만미만,2021-06-03,2021-06-06,4,69.02031784349225,68.61859187407957,크루엘라 / 분노의 질주: 더 얼티메이트 / 컨저링3: 악마가 시켰다,"크루엘라 (<5M, 1,978,688명) / 분노의 질주: 더 얼티메이트 (<5M, 2,290,975명) / 컨저링3: 악마가 시켰다 (<5M, 797,370명)"
3,70% 이상,500만미만,2021-06-07,2021-06-08,2,76.41196013289036,73.66008981962035,크루엘라 / 분노의 질주: 더 얼티메이트 / 컨저링3: 악마가 시켰다,"크루엘라 (<5M, 1,978,688명) / 분노의 질주: 더 얼티메이트 (<5M, 2,290,975명) / 컨저링3: 악마가 시켰다 (<5M, 797,370명)"
3,60% 이상,500만미만,2021-06-09,2021-06-15,7,68.84605365980724,65.82025004407434,크루엘라 / 컨저링3: 악마가 시켰다 / 캐시트럭,"크루엘라 (<5M, 1,978,688명) / 컨저링3: 악마가 시켰다 (<5M, 797,370명) / 캐시트럭 (<5M, 230,274명)"
3,60% 이상,500만미만,2021-07-07,2021-07-07,1,67.36382082097705,67.36382082097705,블랙 위도우 / 발신제한 / 크루엘라,"블랙 위도우 (<5M, 2,957,005명) / 발신제한 (<5M, 950,877명) / 크루엘라 (<5M, 1,978,688명)"
3,70% 이상,500만미만,2021-07-08,2021-07-15,8,81.63653663177926,76.53175426352229,블랙 위도우 / 발신제한 / 크루엘라,"블랙 위도우 (<5M, 2,957,005명) / 발신제한 (<5M, 950,877명) / 크루엘라 (<5M, 1,978,688명)"
3,60% 이상,500만미만,2021-07-16,2021-08-04,20,69.3311244564092,66.33421900545095,블랙 위도우 / 랑종 / 이스케이프 룸 2: 노 웨이 아웃,"블랙 위도우 (<5M, 2,957,005명) / 랑종 (<5M, 833,226명) / 이스케이프 룸 2: 노 웨이 아웃 (<5M, 219,208명)"
3,60% 이상,500만미만,2021-08-06,2021-08-07,2,60.617219007539894,60.42629851946181,모가디슈 / 더 수어사이드 스쿼드 / 보스 베이비 2,"모가디슈 (<5M, 3,611,510명) / 더 수어사이드 스쿼드 (<5M, 414,471명) / 보스 베이비 2 (<5M, 919,925명)"
3,60% 이상,500만미만,2021-08-09,2021-08-12,4,69.35886761032472,65.66940807927055,싱크홀 / 모가디슈 / 프리 가이 ,"싱크홀 (<5M, 2,194,102명) / 모가디슈 (<5M, 3,611,510명) / 프리 가이  (<5M, 309,036명)"
3,70% 이상,500만미만,2021-08-13,2021-08-17,5,73.0614074406096,71.01871424000373,싱크홀 / 모가디슈 / 프리 가이 ,"싱크홀 (<5M, 2,194,102명) / 모가디슈 (<5M, 3,611,510명) / 프리 가이  (<5M, 309,036명)"
3,60% 이상,500만미만,2021-08-18,2021-08-22,5,68.58766233766234,68.0753073894485,싱크홀 / 인질 / 모가디슈,"싱크홀 (<5M, 2,194,102명) / 인질 (<5M, 1,634,819명) / 모가디슈 (<5M, 3,611,510명)"
3,70% 이상,500만미만,2021-08-23,2021-08-24,2,70.33639143730888,70.21019442638651,싱크홀 / 인질 / 모가디슈,"싱크홀 (<5M, 2,194,102명) / 인질 (<5M, 1,634,819명) / 모가디슈 (<5M, 3,611,510명)"
3,60% 이상,500만미만,2021-08-25,2021-08-27,3,62.87698412698413,61.52027496355976,인질 / 싱크홀 / 모가디슈,"인질 (<5M, 1,634,819명) / 싱크홀 (<5M, 2,194,102명) / 모가디슈 (<5M, 3,611,510명)"
3,60% 이상,500만미만,2021-08-30,2021-09-05,7,68.01170813297094,66.57756225781903,샹치와 텐 링즈의 전설 / 인질 / 모가디슈,"샹치와 텐 링즈의 전설 (<5M, 1,735,164명) / 인질 (<5M, 1,634,819명) / 모가디슈 (<5M, 3,611,510명)"
3,70% 이상,500만미만,2021-09-06,2021-09-07,2,71.51653363740023,70.98325002890832,샹치와 텐 링즈의 전설 / 인질 / 모가디슈,"샹치와 텐 링즈의 전설 (<5M, 1,735,164명) / 인질 (<5M, 1,634,819명) / 모가디슈 (<5M, 3,611,510명)"
3,60% 이상,500만미만,2021-09-08,2021-09-14,7,66.76503972758229,65.73720407991986,샹치와 텐 링즈의 전설 / 인질 / 모가디슈,"샹치와 텐 링즈의 전설 (<5M, 1,735,164명) / 인질 (<5M, 1,634,819명) / 모가디슈 (<5M, 3,611,510명)"
3,60% 이상,500만미만,2021-09-29,2021-09-29,1,69.18320859095347,69.18320859095347,007 노 타임 투 다이 / 보이스 / 기적,"007 노 타임 투 다이 (<5M, 1,222,296명) / 보이스 (<5M, 1,421,580명) / 기적 (<5M, 710,396명)"
3,70% 이상,500만미만,2021-09-30,2021-10-01,2,72.41165530068196,71.6171003051906,007 노 타임 투 다이 / 보이스 / 기적,"007 노 타임 투 다이 (<5M, 1,222,296명) / 보이스 (<5M, 1,421,580명) / 기적 (<5M, 710,396명)"
3,60% 이상,500만미만,2021-10-02,2021-10-04,3,67.37012987012987,67.05757529645852,007 노 타임 투 다이 / 보이스 / 기적,"007 노 타임 투 다이 (<5M, 1,222,296명) / 보이스 (<5M, 1,421,580명) / 기적 (<5M, 710,396명)"
3,70% 이상,500만미만,2021-10-05,2021-10-05,1,74.56867577862424,74.56867577862424,007 노 타임 투 다이 / 보이스 / 기적,"007 노 타임 투 다이 (<5M, 1,222,296명) / 보이스 (<5M, 1,421,580명) / 기적 (<5M, 710,396명)"
3,60% 이상,500만미만,2021-10-06,2021-10-11,6,68.07295099978026,66.19255101547236,007 노 타임 투 다이 / 보이스 / 기적,"007 노 타임 투 다이 (<5M, 1,222,296명) / 보이스 (<5M, 1,421,580명) / 기적 (<5M, 710,396명)"
3,70% 이상,500만미만,2021-10-12,2021-10-16,5,78.43846949327818,73.7895760550302,베놈 2: 렛 데어 비 카니지 / 007 노 타임 투 다이 / 보이스,"베놈 2: 렛 데어 비 카니지 (<5M, 2,121,625명) / 007 노 타임 투 다이 (<5M, 1,222,296명) / 보이스 (<5M, 1,421,580명)"
3,60% 이상,500만미만,2021-10-17,2021-10-17,1,69.47391210218663,69.47391210218663,베놈 2: 렛 데어 비 카니지 / 007 노 타임 투 다이 / 보이스,"베놈 2: 렛 데어 비 카니지 (<5M, 2,121,625명) / 007 노 타임 투 다이 (<5M, 1,222,296명) / 보이스 (<5M, 1,421,580명)"
3,70% 이상,500만미만,2021-10-18,2021-10-26,9,80.09936516698869,73.90788288710925,베놈 2: 렛 데어 비 카니지 / 007 노 타임 투 다이 / 보이스,"베놈 2: 렛 데어 비 카니지 (<5M, 2,121,625명) / 007 노 타임 투 다이 (<5M, 1,222,296명) / 보이스 (<5M, 1,421,580명)"
3,60% 이상,500만미만,2021-10-27,2021-11-02,7,68.01592568015926,66.7184206964117,듄 / 베놈 2: 렛 데어 비 카니지 / 고장난 론,"듄 (<5M, 1,656,287명) / 베놈 2: 렛 데어 비 카니지 (<5M, 2,121,625명) / 고장난 론 (<5M, 152,171명)"
3,70% 이상,500만미만,2021-11-03,2021-11-09,7,87.39609076611997,84.11299026706828,이터널스 / 베놈 2: 렛 데어 비 카니지 / 듄,"이터널스 (<5M, 3,048,616명) / 베놈 2: 렛 데어 비 카니지 (<5M, 2,121,625명) / 듄 (<5M, 1,656,287명)"
3,60% 이상,500만미만,2021-11-10,2021-11-14,5,69.52298726527088,67.16171963381417,이터널스 / 듄 / 강릉,"이터널스 (<5M, 3,048,616명) / 듄 (<5M, 1,656,287명) / 강릉 (<5M, 304,200명)"
3,70% 이상,500만미만,2021-11-15,2021-11-16,2,74.82386096759042,74.75250677099407,이터널스 / 강릉 / 듄,"이터널스 (<5M, 3,048,616명) / 강릉 (<5M, 304,200명) / 듄 (<5M, 1,656,287명)"
3,60% 이상,500만미만,2021-11-17,2021-11-18,2,60.61250531688643,60.53494288713344,장르만 로맨스 / 이터널스 / 디어 에반 핸슨,"장르만 로맨스 (<5M, 518,361명) / 이터널스 (<5M, 3,048,616명) / 디어 에반 핸슨 (<5M, 105,742명)"
3,60% 이상,500만미만,2021-11-22,2021-11-22,1,61.25950054288817,61.25950054288817,이터널스 / 장르만 로맨스 / 듄,"이터널스 (<5M, 3,048,616명) / 장르만 로맨스 (<5M, 518,361명) / 듄 (<5M, 1,656,287명)"
3,70% 이상,500만+,2021-12-15,2022-01-11,28,87.54416961130742,81.00677613408386,스파이더맨: 노 웨이 홈 / 킹스맨: 퍼스트 에이전트 / 매트릭스: 리저렉션,"스파이더맨: 노 웨이 홈 (5M+, 7,545,831명) / 킹스맨: 퍼스트 에이전트 (<5M, 1,023,740명) / 매트릭스: 리저렉션 (<5M, 208,540명)"
3,70% 이상,500만+,2022-01-26,2022-01-26,1,72.63294422827497,72.63294422827497,해적: 도깨비 깃발 / 킹메이커 / 스파이더맨: 노 웨이 홈,"해적: 도깨비 깃발 (<5M, 1,336,756명) / 킹메이커 (<5M, 780,819명) / 스파이더맨: 노 웨이 홈 (5M+, 7,545,831명)"
3,60% 이상,500만+,2022-01-27,2022-02-02,7,69.49398589796765,67.9083926186555,해적: 도깨비 깃발 / 킹메이커 / 스파이더맨: 노 웨이 홈,"해적: 도깨비 깃발 (<5M, 1,336,756명) / 킹메이커 (<5M, 780,819명) / 스파이더맨: 노 웨이 홈 (5M+, 7,545,831명)"
3,70% 이상,500만+,2022-02-03,2022-02-04,2,73.28072153325817,73.24447562080047,해적: 도깨비 깃발 / 킹메이커 / 스파이더맨: 노 웨이 홈,"해적: 도깨비 깃발 (<5M, 1,336,756명) / 킹메이커 (<5M, 780,819명) / 스파이더맨: 노 웨이 홈 (5M+, 7,545,831명)"
3,60% 이상,500만+,2022-02-05,2022-02-06,2,69.27408003217374,68.94053258935062,해적: 도깨비 깃발 / 킹메이커 / 스파이더맨: 노 웨이 홈,"해적: 도깨비 깃발 (<5M, 1,336,756명) / 킹메이커 (<5M, 780,819명) / 스파이더맨: 노 웨이 홈 (5M+, 7,545,831명)"
3,70% 이상,500만+,2022-02-07,2022-02-08,2,76.02091633466136,74.97012974424447,해적: 도깨비 깃발 / 킹메이커 / 스파이더맨: 노 웨이 홈,"해적: 도깨비 깃발 (<5M, 1,336,756명) / 킹메이커 (<5M, 780,819명) / 스파이더맨: 노 웨이 홈 (5M+, 7,545,831명)"
3,60% 이상,500만미만,2022-02-09,2022-02-09,1,60.560444650301065,60.560444650301065,나일 강의 죽음 / 해적: 도깨비 깃발 / 킹메이커,"나일 강의 죽음 (<5M, 227,890명) / 해적: 도깨비 깃발 (<5M, 1,336,756명) / 킹메이커 (<5M, 780,819명)"
3,60% 이상,500만미만,2022-02-16,2022-02-16,1,65.78001437814522,65.78001437814522,언차티드 / 나일 강의 죽음 / 해적: 도깨비 깃발,"언차티드 (<5M, 730,046명) / 나일 강의 죽음 (<5M, 227,890명) / 해적: 도깨비 깃발 (<5M, 1,336,756명)"
3,60% 이상,500만미만,2022-02-22,2022-02-22,1,63.52334037063101,63.52334037063101,언차티드 / 극장판 주술회전 0 / 나일 강의 죽음,"언차티드 (<5M, 730,046명) / 극장판 주술회전 0 (<5M, 714,104명) / 나일 강의 죽음 (<5M, 227,890명)"
3,70% 이상,500만미만,2022-03-01,2022-03-08,8,76.84894666069027,73.8151054542029,더 배트맨 / 언차티드 / 극장판 주술회전 0,"더 배트맨 (<5M, 901,534명) / 언차티드 (<5M, 730,046명) / 극장판 주술회전 0 (<5M, 714,104명)"
3,60% 이상,500만미만,2022-03-09,2022-03-13,5,69.45578231292518,66.35491955704569,더 배트맨 / 이상한 나라의 수학자 / 극장판 주술회전 0,"더 배트맨 (<5M, 901,534명) / 이상한 나라의 수학자 (<5M, 526,009명) / 극장판 주술회전 0 (<5M, 714,104명)"
3,70% 이상,500만미만,2022-03-14,2022-03-14,1,72.00806248425296,72.00806248425296,더 배트맨 / 이상한 나라의 수학자 / 극장판 주술회전 0,"더 배트맨 (<5M, 901,534명) / 이상한 나라의 수학자 (<5M, 526,009명) / 극장판 주술회전 0 (<5M, 714,104명)"
3,60% 이상,500만미만,2022-03-15,2022-03-22,8,68.61934856587263,63.45530433683774,더 배트맨 / 이상한 나라의 수학자 / 극장판 주술회전 0,"더 배트맨 (<5M, 901,534명) / 이상한 나라의 수학자 (<5M, 526,009명) / 극장판 주술회전 0 (<5M, 714,104명)"
3,60% 이상,500만미만,2022-03-30,2022-04-03,5,68.71880199667223,66.65936985201833,모비우스 / 뜨거운 피 / 배니싱: 미제사건,"모비우스 (<5M, 475,928명) / 뜨거운 피 (<5M, 396,773명) / 배니싱: 미제사건 (<5M, 35,644명)"
3,70% 이상,500만미만,2022-04-04,2022-04-04,1,70.72359301358469,70.72359301358469,모비우스 / 뜨거운 피 / 이상한 나라의 수학자,"모비우스 (<5M, 475,928명) / 뜨거운 피 (<5M, 396,773명) / 이상한 나라의 수학자 (<5M, 526,009명)"
3,60% 이상,500만미만,2022-04-05,2022-04-05,1,68.25993555316863,68.25993555316863,모비우스 / 뜨거운 피 / 이상한 나라의 수학자,"모비우스 (<5M, 475,928명) / 뜨거운 피 (<5M, 396,773명) / 이상한 나라의 수학자 (<5M, 526,009명)"
3,60% 이상,500만미만,2022-04-13,2022-04-19,7,69.44854751354013,67.42924371530225,신비한 동물들과 덤블도어의 비밀 / 모비우스 / 스텔라,"신비한 동물들과 덤블도어의 비밀 (<5M, 1,195,322명) / 모비우스 (<5M, 475,928명) / 스텔라 (<5M, 95,349명)"
3,70% 이상,500만미만,2022-04-20,2022-04-21,2,82.87292817679558,79.57099772180615,신비한 동물들과 덤블도어의 비밀 / 앵커 / 로스트 시티,"신비한 동물들과 덤블도어의 비밀 (<5M, 1,195,322명) / 앵커 (<5M, 169,683명) / 로스트 시티 (<5M, 112,348명)"
3,60% 이상,500만미만,2022-04-22,2022-04-22,1,65.0,65.0,신비한 동물들과 덤블도어의 비밀 / 앵커 / 공기살인,"신비한 동물들과 덤블도어의 비밀 (<5M, 1,195,322명) / 앵커 (<5M, 169,683명) / 공기살인 (<5M, 158,265명)"
3,60% 이상,500만미만,2022-04-25,2022-04-26,2,67.15063520871144,66.68324653567367,신비한 동물들과 덤블도어의 비밀 / 앵커 / 공기살인,"신비한 동물들과 덤블도어의 비밀 (<5M, 1,195,322명) / 앵커 (<5M, 169,683명) / 공기살인 (<5M, 158,265명)"
3,70% 이상,500만+,2022-05-04,2022-05-10,7,82.72284564895193,77.02151382820685,닥터 스트레인지: 대혼돈의 멀티버스 / 배드 가이즈 / 니 부모 얼굴이 보고 싶다,"닥터 스트레인지: 대혼돈의 멀티버스 (5M+, 5,882,489명) / 배드 가이즈 (<5M, 420,224명) / 니 부모 얼굴이 보고 싶다 (<5M, 416,053명)"
3,60% 이상,500만+,2022-05-11,2022-05-11,1,68.99656946826758,68.99656946826758,닥터 스트레인지: 대혼돈의 멀티버스 / 민스미트 작전 / 배드 가이즈,"닥터 스트레인지: 대혼돈의 멀티버스 (5M+, 5,882,489명) / 민스미트 작전 (<5M, 35,596명) / 배드 가이즈 (<5M, 420,224명)"
3,70% 이상,500만+,2022-05-12,2022-05-12,1,70.51451187335091,70.51451187335091,닥터 스트레인지: 대혼돈의 멀티버스 / 민스미트 작전 / 니 부모 얼굴이 보고 싶다,"닥터 스트레인지: 대혼돈의 멀티버스 (5M+, 5,882,489명) / 민스미트 작전 (<5M, 35,596명) / 니 부모 얼굴이 보고 싶다 (<5M, 416,053명)"
3,60% 이상,500만+,2022-05-13,2022-05-15,3,67.86743515850144,64.42746497053322,닥터 스트레인지: 대혼돈의 멀티버스 / 배드 가이즈 / 민스미트 작전,"닥터 스트레인지: 대혼돈의 멀티버스 (5M+, 5,882,489명) / 배드 가이즈 (<5M, 420,224명) / 민스미트 작전 (<5M, 35,596명)"
3,70% 이상,500만+,2022-05-16,2022-05-17,2,74.42196531791907,72.2736964559949,닥터 스트레인지: 대혼돈의 멀티버스 / 배드 가이즈 / 니 부모 얼굴이 보고 싶다,"닥터 스트레인지: 대혼돈의 멀티버스 (5M+, 5,882,489명) / 배드 가이즈 (<5M, 420,224명) / 니 부모 얼굴이 보고 싶다 (<5M, 416,053명)"
3,70% 이상,1000만+,2022-05-18,2022-06-17,31,93.88785543449376,85.48046666803177,범죄도시2 / 닥터 스트레인지: 대혼돈의 멀티버스 / 배드 가이즈,"범죄도시2 (10M+, 12,686,210명) / 닥터 스트레인지: 대혼돈의 멀티버스 (5M+, 5,882,489명) / 배드 가이즈 (<5M, 420,224명)"
3,60% 이상,1000만+,2022-06-18,2022-06-19,2,65.91672263263936,65.84755004966425,마녀(魔女) Part2. The Other One / 범죄도시2 / 버즈 라이트이어,"마녀(魔女) Part2. The Other One (<5M, 2,806,159명) / 범죄도시2 (10M+, 12,686,210명) / 버즈 라이트이어 (<5M, 342,922명)"
3,70% 이상,1000만+,2022-06-20,2022-06-28,9,79.07026109106347,76.15438421642614,탑건: 매버릭 / 마녀(魔女) Part2. The Other One / 범죄도시2,"탑건: 매버릭 (5M+, 8,275,966명) / 마녀(魔女) Part2. The Other One (<5M, 2,806,159명) / 범죄도시2 (10M+, 12,686,210명)"
3,70% 이상,500만+,2022-06-29,2022-06-29,1,73.54193273733505,73.54193273733505,헤어질 결심 / 탑건: 매버릭 / 마녀(魔女) Part2. The Other One,"헤어질 결심 (<5M, 1,863,289명) / 탑건: 매버릭 (5M+, 8,275,966명) / 마녀(魔女) Part2. The Other One (<5M, 2,806,159명)"
3,70% 이상,1000만+,2022-06-30,2022-07-01,2,73.55232680564329,73.30477143014872,탑건: 매버릭 / 헤어질 결심 / 범죄도시2,"탑건: 매버릭 (5M+, 8,275,966명) / 헤어질 결심 (<5M, 1,863,289명) / 범죄도시2 (10M+, 12,686,210명)"
3,60% 이상,1000만+,2022-07-02,2022-07-03,2,69.74577915777218,69.66101689776912,탑건: 매버릭 / 헤어질 결심 / 범죄도시2,"탑건: 매버릭 (5M+, 8,275,966명) / 헤어질 결심 (<5M, 1,863,289명) / 범죄도시2 (10M+, 12,686,210명)"
3,70% 이상,1000만+,2022-07-04,2022-07-05,2,74.65768799102133,74.13144314406546,탑건: 매버릭 / 헤어질 결심 / 범죄도시2,"탑건: 매버릭 (5M+, 8,275,966명) / 헤어질 결심 (<5M, 1,863,289명) / 범죄도시2 (10M+, 12,686,210명)"
3,70% 이상,500만+,2022-07-06,2022-07-12,7,76.35675220866639,74.5024051072994,토르: 러브 앤 썬더 / 탑건: 매버릭 / 헤어질 결심,"토르: 러브 앤 썬더 (<5M, 2,711,862명) / 탑건: 매버릭 (5M+, 8,275,966명) / 헤어질 결심 (<5M, 1,863,289명)"
3,60% 이상,500만+,2022-07-13,2022-07-14,2,60.917069675801535,60.721460548153104,탑건: 매버릭 / 토르: 러브 앤 썬더 / 헤어질 결심,"탑건: 매버릭 (5M+, 8,275,966명) / 토르: 러브 앤 썬더 (<5M, 2,711,862명) / 헤어질 결심 (<5M, 1,863,289명)"
3,60% 이상,500만+,2022-07-18,2022-07-19,2,60.96897114861187,60.96769017283297,탑건: 매버릭 / 토르: 러브 앤 썬더 / 헤어질 결심,"탑건: 매버릭 (5M+, 8,275,966명) / 토르: 러브 앤 썬더 (<5M, 2,711,862명) / 헤어질 결심 (<5M, 1,863,289명)"
3,70% 이상,500만+,2022-07-20,2022-07-20,1,70.12891344383057,70.12891344383057,외계+인 1부 / 미니언즈2 / 탑건: 매버릭,"외계+인 1부 (<5M, 1,539,009명) / 미니언즈2 (<5M, 2,263,349명) / 탑건: 매버릭 (5M+, 8,275,966명)"
3,60% 이상,500만+,2022-07-21,2022-07-26,6,68.75102846799408,67.93504098823632,외계+인 1부 / 미니언즈2 / 탑건: 매버릭,"외계+인 1부 (<5M, 1,539,009명) / 미니언즈2 (<5M, 2,263,349명) / 탑건: 매버릭 (5M+, 8,275,966명)"
3,70% 이상,500만+,2022-07-27,2022-07-27,1,72.77872099603849,72.77872099603849,한산: 용의 출현 / 미니언즈2 / 탑건: 매버릭,"한산: 용의 출현 (5M+, 7,252,467명) / 미니언즈2 (<5M, 2,263,349명) / 탑건: 매버릭 (5M+, 8,275,966명)"
3,60% 이상,500만+,2022-07-28,2022-08-19,23,65.49815498154982,63.50301706011004,한산: 용의 출현 / 미니언즈2 / 탑건: 매버릭,"한산: 용의 출현 (5M+, 7,252,467명) / 미니언즈2 (<5M, 2,263,349명) / 탑건: 매버릭 (5M+, 8,275,966명)"
3,60% 이상,500만+,2022-08-22,2022-08-23,2,62.52895752895753,62.07021186538908,헌트 / 한산: 용의 출현 / 놉,"헌트 (<5M, 4,346,803명) / 한산: 용의 출현 (5M+, 7,252,467명) / 놉 (<5M, 405,959명)"
3,60% 이상,500만+,2022-08-29,2022-09-06,9,66.60629386461399,63.472953205377586,육사오(6/45) / 헌트 / 한산: 용의 출현,"육사오(6/45) (<5M, 1,963,542명) / 헌트 (<5M, 4,346,803명) / 한산: 용의 출현 (5M+, 7,252,467명)"
3,70% 이상,500만+,2022-09-07,2022-09-08,2,76.8587769467664,73.77868987058878,공조2: 인터내셔날 / 육사오(6/45) / 헌트,"공조2: 인터내셔날 (5M+, 6,979,189명) / 육사오(6/45) (<5M, 1,963,542명) / 헌트 (<5M, 4,346,803명)"
3,60% 이상,500만+,2022-09-09,2022-09-13,5,68.9502317146887,64.8482408987459,공조2: 인터내셔날 / 육사오(6/45) / 헌트,"공조2: 인터내셔날 (5M+, 6,979,189명) / 육사오(6/45) (<5M, 1,963,542명) / 헌트 (<5M, 4,346,803명)"
3,70% 이상,500만+,2022-09-14,2022-09-16,3,73.29784874695054,72.78017148000485,공조2: 인터내셔날 / 육사오(6/45) / 헌트,"공조2: 인터내셔날 (5M+, 6,979,189명) / 육사오(6/45) (<5M, 1,963,542명) / 헌트 (<5M, 4,346,803명)"
3,60% 이상,500만+,2022-09-17,2022-09-17,1,69.94094488188976,69.94094488188976,공조2: 인터내셔날 / 육사오(6/45) / 헌트,"공조2: 인터내셔날 (5M+, 6,979,189명) / 육사오(6/45) (<5M, 1,963,542명) / 헌트 (<5M, 4,346,803명)"
3,70% 이상,500만+,2022-09-18,2022-09-23,6,82.31292517006803,78.38895738350693,공조2: 인터내셔날 / 육사오(6/45) / 헌트,"공조2: 인터내셔날 (5M+, 6,979,189명) / 육사오(6/45) (<5M, 1,963,542명) / 헌트 (<5M, 4,346,803명)"
3,60% 이상,500만+,2022-09-24,2022-09-25,2,64.37990021382751,63.27645167649869,공조2: 인터내셔날 / 늑대사냥 / 육사오(6/45),"공조2: 인터내셔날 (5M+, 6,979,189명) / 늑대사냥 (<5M, 441,406명) / 육사오(6/45) (<5M, 1,963,542명)"
3,70% 이상,500만+,2022-09-26,2022-09-27,2,84.24693986162852,81.28560537322652,공조2: 인터내셔날 / 늑대사냥 / 육사오(6/45),"공조2: 인터내셔날 (5M+, 6,979,189명) / 늑대사냥 (<5M, 441,406명) / 육사오(6/45) (<5M, 1,963,542명)"
3,60% 이상,500만+,2022-09-28,2022-10-01,4,66.87583190720669,64.73916599901992,정직한 후보2 / 인생은 아름다워 / 공조2: 인터내셔날,"정직한 후보2 (<5M, 897,345명) / 인생은 아름다워 (<5M, 1,163,584명) / 공조2: 인터내셔날 (5M+, 6,979,189명)"
3,60% 이상,500만+,2022-10-04,2022-10-05,2,65.26922312735942,62.77571967739625,정직한 후보2 / 인생은 아름다워 / 공조2: 인터내셔날,"정직한 후보2 (<5M, 897,345명) / 인생은 아름다워 (<5M, 1,163,584명) / 공조2: 인터내셔날 (5M+, 6,979,189명)"
3,60% 이상,500만+,2022-10-11,2022-10-11,1,62.11041852181657,62.11041852181657,인생은 아름다워 / 공조2: 인터내셔날 / 정직한 후보2,"인생은 아름다워 (<5M, 1,163,584명) / 공조2: 인터내셔날 (5M+, 6,979,189명) / 정직한 후보2 (<5M, 897,345명)"
3,60% 이상,500만미만,2022-10-26,2022-10-28,3,61.5555107797703,60.99966041375291,리멤버 / 자백 / 블랙 아담,"리멤버 (<5M, 409,797명) / 자백 (<5M, 732,280명) / 블랙 아담 (<5M, 777,888명)"
3,70% 이상,500만미만,2022-11-09,2022-11-16,8,80.31496062992126,75.37878137126137,블랙 팬서: 와칸다 포에버 / 자백 / 리멤버,"블랙 팬서: 와칸다 포에버 (<5M, 2,102,015명) / 자백 (<5M, 732,280명) / 리멤버 (<5M, 409,797명)"
3,60% 이상,500만미만,2022-11-17,2022-11-20,4,69.30613877224555,67.70590022352873,블랙 팬서: 와칸다 포에버 / 데시벨 / 동감,"블랙 팬서: 와칸다 포에버 (<5M, 2,102,015명) / 데시벨 (<5M, 895,908명) / 동감 (<5M, 482,309명)"
3,70% 이상,500만미만,2022-11-21,2022-11-22,2,71.78710514928602,71.49536448145923,블랙 팬서: 와칸다 포에버 / 데시벨 / 동감,"블랙 팬서: 와칸다 포에버 (<5M, 2,102,015명) / 데시벨 (<5M, 895,908명) / 동감 (<5M, 482,309명)"
3,60% 이상,500만미만,2022-11-23,2022-11-27,5,66.80823954130389,64.5922434421926,올빼미 / 블랙 팬서: 와칸다 포에버 / 데시벨,"올빼미 (<5M, 3,321,661명) / 블랙 팬서: 와칸다 포에버 (<5M, 2,102,015명) / 데시벨 (<5M, 895,908명)"
3,70% 이상,500만미만,2022-11-28,2022-11-29,2,71.59247361174852,71.05829617507649,올빼미 / 블랙 팬서: 와칸다 포에버 / 데시벨,"올빼미 (<5M, 3,321,661명) / 블랙 팬서: 와칸다 포에버 (<5M, 2,102,015명) / 데시벨 (<5M, 895,908명)"
3,60% 이상,500만미만,2022-12-06,2022-12-06,1,61.72968456235639,61.72968456235639,올빼미 / 압꾸정 / 탄생,"올빼미 (<5M, 3,321,661명) / 압꾸정 (<5M, 605,496명) / 탄생 (<5M, 328,194명)"
3,70% 이상,1000만+,2022-12-14,2022-12-23,10,82.82402528977872,80.16196819100378,아바타: 물의 길 / 올빼미 / 신비아파트 극장판 차원도깨비와 7개의 세계,"아바타: 물의 길 (10M+, 10,809,520명) / 올빼미 (<5M, 3,321,661명) / 신비아파트 극장판 차원도깨비와 7개의 세계 (<5M, 427,067명)"
3,60% 이상,1000만+,2022-12-24,2022-12-26,3,69.96309963099631,66.84453612379411,아바타: 물의 길 / 영웅 / 올빼미,"아바타: 물의 길 (10M+, 10,809,520명) / 영웅 (<5M, 3,235,712명) / 올빼미 (<5M, 3,321,661명)"
3,70% 이상,1000만+,2022-12-27,2022-12-27,1,70.46398266835169,70.46398266835169,아바타: 물의 길 / 영웅 / 올빼미,"아바타: 물의 길 (10M+, 10,809,520명) / 영웅 (<5M, 3,235,712명) / 올빼미 (<5M, 3,321,661명)"
3,60% 이상,1000만+,2022-12-28,2022-12-28,1,69.1271551724138,69.1271551724138,아바타: 물의 길 / 영웅 / 젠틀맨,"아바타: 물의 길 (10M+, 10,809,520명) / 영웅 (<5M, 3,235,712명) / 젠틀맨 (<5M, 216,418명)"
3,70% 이상,1000만+,2022-12-29,2022-12-29,1,70.19177061999628,70.19177061999628,아바타: 물의 길 / 영웅 / 젠틀맨,"아바타: 물의 길 (10M+, 10,809,520명) / 영웅 (<5M, 3,235,712명) / 젠틀맨 (<5M, 216,418명)"
3,60% 이상,1000만+,2022-12-30,2023-01-03,5,69.25152932709608,65.31699747120167,아바타: 물의 길 / 영웅 / 젠틀맨,"아바타: 물의 길 (10M+, 10,809,520명) / 영웅 (<5M, 3,235,712명) / 젠틀맨 (<5M, 216,418명)"
3,60% 이상,500만미만,2023-02-15,2023-02-22,8,65.37995149555375,62.2718393107274,앤트맨과 와스프: 퀀텀매니아 / 더 퍼스트 슬램덩크 / 어메이징 모리스,"앤트맨과 와스프: 퀀텀매니아 (<5M, 1,544,233명) / 더 퍼스트 슬램덩크 (<5M, 4,920,836명) / 어메이징 모리스 (<5M, 92,623명)"
3,60% 이상,500만+,2023-03-14,2023-03-14,1,68.96462018730489,68.96462018730489,스즈메의 문단속 / 대외비 / 더 퍼스트 슬램덩크,"스즈메의 문단속 (5M+, 5,570,424명) / 대외비 (<5M, 747,662명) / 더 퍼스트 슬램덩크 (<5M, 4,920,836명)"
3,60% 이상,500만+,2023-03-27,2023-04-09,14,66.91405314819248,65.16141702119803,스즈메의 문단속 / 리바운드 / 에어,"스즈메의 문단속 (5M+, 5,570,424명) / 리바운드 (<5M, 706,398명) / 에어 (<5M, 103,796명)"
3,70% 이상,500만+,2023-04-10,2023-04-11,2,72.54849137931035,71.5828556481614,스즈메의 문단속 / 리바운드 / 에어,"스즈메의 문단속 (5M+, 5,570,424명) / 리바운드 (<5M, 706,398명) / 에어 (<5M, 103,796명)"
3,60% 이상,500만+,2023-04-12,2023-04-12,1,69.06459278461871,69.06459278461871,존 윅 4 / 스즈메의 문단속 / 리바운드,"존 윅 4 (<5M, 1,916,688명) / 스즈메의 문단속 (5M+, 5,570,424명) / 리바운드 (<5M, 706,398명)"
3,70% 이상,500만+,2023-04-13,2023-04-13,1,72.47355390501913,72.47355390501913,존 윅 4 / 스즈메의 문단속 / 리바운드,"존 윅 4 (<5M, 1,916,688명) / 스즈메의 문단속 (5M+, 5,570,424명) / 리바운드 (<5M, 706,398명)"
3,60% 이상,500만+,2023-04-14,2023-04-18,5,64.32913590968302,63.68460139466531,존 윅 4 / 킬링 로맨스 / 스즈메의 문단속,"존 윅 4 (<5M, 1,916,688명) / 킬링 로맨스 (<5M, 184,059명) / 스즈메의 문단속 (5M+, 5,570,424명)"
3,60% 이상,500만+,2023-04-22,2023-04-25,4,61.47276523059404,60.714549658677655,존 윅 4 / 스즈메의 문단속 / 리바운드,"존 윅 4 (<5M, 1,916,688명) / 스즈메의 문단속 (5M+, 5,570,424명) / 리바운드 (<5M, 706,398명)"
3,60% 이상,500만미만,2023-04-26,2023-05-07,12,68.96081107428348,63.88863000491281,가디언즈 오브 갤럭시: Volume 3 / 슈퍼 마리오 브라더스 / 드림,"가디언즈 오브 갤럭시: Volume 3 (<5M, 4,204,834명) / 슈퍼 마리오 브라더스 (<5M, 2,387,766명) / 드림 (<5M, 1,121,631명)"
3,60% 이상,500만미만,2023-05-17,2023-05-23,7,68.14643383126446,65.4263619835344,분노의 질주: 라이드 오어 다이 / 가디언즈 오브 갤럭시: Volume 3 / 슈퍼 마리오 브라더스,"분노의 질주: 라이드 오어 다이 (<5M, 1,771,324명) / 가디언즈 오브 갤럭시: Volume 3 (<5M, 4,204,834명) / 슈퍼 마리오 브라더스 (<5M, 2,387,766명)"
3,70% 이상,500만미만,2023-05-24,2023-05-26,3,73.9853896103896,73.13657673582678,분노의 질주: 라이드 오어 다이 / 인어공주 / 가디언즈 오브 갤럭시: Volume 3,"분노의 질주: 라이드 오어 다이 (<5M, 1,771,324명) / 인어공주 (<5M, 644,412명) / 가디언즈 오브 갤럭시: Volume 3 (<5M, 4,204,834명)"
3,60% 이상,500만미만,2023-05-27,2023-05-29,3,61.50559811431939,61.152213503343766,분노의 질주: 라이드 오어 다이 / 인어공주 / 가디언즈 오브 갤럭시: Volume 3,"분노의 질주: 라이드 오어 다이 (<5M, 1,771,324명) / 인어공주 (<5M, 644,412명) / 가디언즈 오브 갤럭시: Volume 3 (<5M, 4,204,834명)"
3,70% 이상,500만미만,2023-05-30,2023-05-30,1,71.98538367844093,71.98538367844093,분노의 질주: 라이드 오어 다이 / 가디언즈 오브 갤럭시: Volume 3 / 인어공주,"분노의 질주: 라이드 오어 다이 (<5M, 1,771,324명) / 가디언즈 오브 갤럭시: Volume 3 (<5M, 4,204,834명) / 인어공주 (<5M, 644,412명)"
3,70% 이상,1000만+,2023-05-31,2023-06-01,2,71.43136106229252,70.75807848026872,범죄도시3 / 분노의 질주: 라이드 오어 다이 / 가디언즈 오브 갤럭시: Volume 3,"범죄도시3 (10M+, 10,675,973명) / 분노의 질주: 라이드 오어 다이 (<5M, 1,771,324명) / 가디언즈 오브 갤럭시: Volume 3 (<5M, 4,204,834명)"
3,60% 이상,1000만+,2023-06-02,2023-06-05,4,69.96933691069376,65.98882090514604,범죄도시3 / 분노의 질주: 라이드 오어 다이 / 가디언즈 오브 갤럭시: Volume 3,"범죄도시3 (10M+, 10,675,973명) / 분노의 질주: 라이드 오어 다이 (<5M, 1,771,324명) / 가디언즈 오브 갤럭시: Volume 3 (<5M, 4,204,834명)"
3,70% 이상,1000만+,2023-06-06,2023-06-20,15,79.05656256824633,75.51574462190338,범죄도시3 / 트랜스포머: 비스트의 서막 / 가디언즈 오브 갤럭시: Volume 3,"범죄도시3 (10M+, 10,675,973명) / 트랜스포머: 비스트의 서막 (<5M, 761,475명) / 가디언즈 오브 갤럭시: Volume 3 (<5M, 4,204,834명)"
3,60% 이상,1000만+,2023-06-21,2023-06-21,1,60.06984866123399,60.06984866123399,스파이더맨: 어크로스 더 유니버스 / 범죄도시3 / 귀공자,"스파이더맨: 어크로스 더 유니버스 (<5M, 903,786명) / 범죄도시3 (10M+, 10,675,973명) / 귀공자 (<5M, 673,368명)"
3,60% 이상,1000만+,2023-06-24,2023-06-27,4,62.447698744769866,61.49109810298573,엘리멘탈 / 범죄도시3 / 스파이더맨: 어크로스 더 유니버스,"엘리멘탈 (5M+, 7,205,607명) / 범죄도시3 (10M+, 10,675,973명) / 스파이더맨: 어크로스 더 유니버스 (<5M, 903,786명)"
3,60% 이상,1000만+,2023-07-01,2023-07-02,2,61.344104503265726,61.25106310808642,엘리멘탈 / 인디아나 존스: 운명의 다이얼 / 범죄도시3,"엘리멘탈 (5M+, 7,205,607명) / 인디아나 존스: 운명의 다이얼 (<5M, 855,266명) / 범죄도시3 (10M+, 10,675,973명)"
3,70% 이상,1000만+,2023-07-12,2023-07-18,7,78.95588830433023,77.40251683378531,미션 임파서블: 데드 레코닝 PART ONE / 엘리멘탈 / 범죄도시3,"미션 임파서블: 데드 레코닝 PART ONE (<5M, 4,015,548명) / 엘리멘탈 (5M+, 7,205,607명) / 범죄도시3 (10M+, 10,675,973명)"
3,70% 이상,500만+,2023-07-19,2023-07-19,1,70.3243348222956,70.3243348222956,미션 임파서블: 데드 레코닝 PART ONE / 엘리멘탈 / 바비,"미션 임파서블: 데드 레코닝 PART ONE (<5M, 4,015,548명) / 엘리멘탈 (5M+, 7,205,607명) / 바비 (<5M, 561,000명)"
3,60% 이상,500만+,2023-07-20,2023-07-21,2,61.797939514788965,61.72331230628187,미션 임파서블: 데드 레코닝 PART ONE / 엘리멘탈 / 명탐정코난: 흑철의 어영,"미션 임파서블: 데드 레코닝 PART ONE (<5M, 4,015,548명) / 엘리멘탈 (5M+, 7,205,607명) / 명탐정코난: 흑철의 어영 (<5M, 798,578명)"
3,60% 이상,500만+,2023-07-25,2023-08-01,8,62.79978681826257,61.845928861602445,밀수 / 엘리멘탈 / 미션 임파서블: 데드 레코닝 PART ONE,"밀수 (5M+, 5,123,219명) / 엘리멘탈 (5M+, 7,205,607명) / 미션 임파서블: 데드 레코닝 PART ONE (<5M, 4,015,548명)"
3,60% 이상,500만미만,2023-08-23,2023-08-29,7,65.11027220345719,62.772147927042056,오펜하이머 / 콘크리트 유토피아 / 달짝지근해: 7510,"오펜하이머 (<5M, 3,217,162명) / 콘크리트 유토피아 (<5M, 3,845,091명) / 달짝지근해: 7510 (<5M, 1,377,749명)"
3,60% 이상,500만미만,2023-09-27,2023-09-28,2,66.40162721893492,63.45361789542092,천박사 퇴마 연구소: 설경의 비밀 / 1947 보스톤 / 거미집,"천박사 퇴마 연구소: 설경의 비밀 (<5M, 1,909,031명) / 1947 보스톤 (<5M, 1,012,420명) / 거미집 (<5M, 311,013명)"
3,70% 이상,500만미만,2023-10-25,2023-10-27,3,76.06942067954046,73.01085054351061,그대들은 어떻게 살 것인가 / 용감한 시민 / 30일,"그대들은 어떻게 살 것인가 (<5M, 1,996,953명) / 용감한 시민 (<5M, 263,384명) / 30일 (<5M, 2,163,199명)"
3,60% 이상,500만미만,2023-10-28,2023-10-29,2,68.00649614291514,66.67690728380667,그대들은 어떻게 살 것인가 / 용감한 시민 / 30일,"그대들은 어떻게 살 것인가 (<5M, 1,996,953명) / 용감한 시민 (<5M, 263,384명) / 30일 (<5M, 2,163,199명)"
3,70% 이상,500만미만,2023-10-30,2023-10-31,2,75.27620918242081,73.44328737695774,그대들은 어떻게 살 것인가 / 용감한 시민 / 30일,"그대들은 어떻게 살 것인가 (<5M, 1,996,953명) / 용감한 시민 (<5M, 263,384명) / 30일 (<5M, 2,163,199명)"
3,60% 이상,500만미만,2023-11-04,2023-11-14,11,65.71489452375879,62.2348321766884,더 마블스 / 그대들은 어떻게 살 것인가 / 소년들,"더 마블스 (<5M, 686,000명) / 그대들은 어떻게 살 것인가 (<5M, 1,996,953명) / 소년들 (<5M, 462,096명)"
3,70% 이상,1000만+,2023-11-22,2023-11-22,1,73.44748858447488,73.44748858447488,서울의 봄 / 프레디의 피자가게 / 그대들은 어떻게 살 것인가,"서울의 봄 (10M+, 13,119,454명) / 프레디의 피자가게 (<5M, 709,645명) / 그대들은 어떻게 살 것인가 (<5M, 1,996,953명)"
3,60% 이상,1000만+,2023-11-23,2023-11-26,4,67.42193450114243,66.82417901001632,서울의 봄 / 프레디의 피자가게 / 그대들은 어떻게 살 것인가,"서울의 봄 (10M+, 13,119,454명) / 프레디의 피자가게 (<5M, 709,645명) / 그대들은 어떻게 살 것인가 (<5M, 1,996,953명)"
3,70% 이상,1000만+,2023-11-27,2023-11-27,1,71.1713714158702,71.1713714158702,서울의 봄 / 프레디의 피자가게 / 그대들은 어떻게 살 것인가,"서울의 봄 (10M+, 13,119,454명) / 프레디의 피자가게 (<5M, 709,645명) / 그대들은 어떻게 살 것인가 (<5M, 1,996,953명)"
3,60% 이상,1000만+,2023-11-28,2023-11-28,1,69.90849116833368,69.90849116833368,서울의 봄 / 프레디의 피자가게 / 그대들은 어떻게 살 것인가,"서울의 봄 (10M+, 13,119,454명) / 프레디의 피자가게 (<5M, 709,645명) / 그대들은 어떻게 살 것인가 (<5M, 1,996,953명)"
3,70% 이상,1000만+,2023-11-29,2023-11-29,1,77.692784783957,77.692784783957,서울의 봄 / 싱글 인 서울 / 괴물,"서울의 봄 (10M+, 13,119,454명) / 싱글 인 서울 (<5M, 390,229명) / 괴물 (<5M, 564,291명)"
3,60% 이상,1000만+,2023-11-30,2023-11-30,1,69.80111990731803,69.80111990731803,서울의 봄 / 싱글 인 서울 / 괴물,"서울의 봄 (10M+, 13,119,454명) / 싱글 인 서울 (<5M, 390,229명) / 괴물 (<5M, 564,291명)"
3,70% 이상,1000만+,2023-12-01,2023-12-01,1,72.82169648009233,72.82169648009233,서울의 봄 / 싱글 인 서울 / 괴물,"서울의 봄 (10M+, 13,119,454명) / 싱글 인 서울 (<5M, 390,229명) / 괴물 (<5M, 564,291명)"
3,60% 이상,1000만+,2023-12-02,2023-12-03,2,69.98198198198199,68.51868778399391,서울의 봄 / 싱글 인 서울 / 괴물,"서울의 봄 (10M+, 13,119,454명) / 싱글 인 서울 (<5M, 390,229명) / 괴물 (<5M, 564,291명)"
3,70% 이상,1000만+,2023-12-04,2023-12-08,5,79.83940972222221,74.4237554604073,서울의 봄 / 싱글 인 서울 / 괴물,"서울의 봄 (10M+, 13,119,454명) / 싱글 인 서울 (<5M, 390,229명) / 괴물 (<5M, 564,291명)"
3,60% 이상,1000만+,2023-12-09,2023-12-10,2,66.99095408772828,65.62120078249112,서울의 봄 / 3일의 휴가 / 나폴레옹,"서울의 봄 (10M+, 13,119,454명) / 3일의 휴가 (<5M, 496,721명) / 나폴레옹 (<5M, 220,345명)"
3,70% 이상,1000만+,2023-12-11,2023-12-12,2,72.60083449235049,72.20332197906168,서울의 봄 / 3일의 휴가 / 나폴레옹,"서울의 봄 (10M+, 13,119,454명) / 3일의 휴가 (<5M, 496,721명) / 나폴레옹 (<5M, 220,345명)"
3,60% 이상,1000만+,2023-12-16,2023-12-19,4,62.492172824045085,61.658514139972446,서울의 봄 / 뽀로로 극장판 슈퍼스타 대모험 / 3일의 휴가,"서울의 봄 (10M+, 13,119,454명) / 뽀로로 극장판 슈퍼스타 대모험 (<5M, 360,514명) / 3일의 휴가 (<5M, 496,721명)"
3,70% 이상,1000만+,2023-12-20,2023-12-21,2,76.77068723702665,76.5654067985765,노량: 죽음의 바다 / 서울의 봄 / 아쿠아맨과 로스트 킹덤,"노량: 죽음의 바다 (<5M, 4,560,367명) / 서울의 봄 (10M+, 13,119,454명) / 아쿠아맨과 로스트 킹덤 (<5M, 856,506명)"
3,60% 이상,1000만+,2023-12-22,2024-01-09,19,69.36630602782071,63.45989636009213,노량: 죽음의 바다 / 서울의 봄 / 아쿠아맨과 로스트 킹덤,"노량: 죽음의 바다 (<5M, 4,560,367명) / 서울의 봄 (10M+, 13,119,454명) / 아쿠아맨과 로스트 킹덤 (<5M, 856,506명)"
3,60% 이상,500만미만,2024-01-31,2024-02-06,7,66.91403834260977,64.97792958955009,웡카 / 시민덕희 / 외계+인 2부,"웡카 (<5M, 3,526,209명) / 시민덕희 (<5M, 1,708,356명) / 외계+인 2부 (<5M, 1,417,030명)"
3,60% 이상,1000만+,2024-02-22,2024-02-23,2,68.03661498225294,67.34176135399943,파묘 / 웡카 / 건국전쟁,"파묘 (10M+, 11,902,097명) / 웡카 (<5M, 3,526,209명) / 건국전쟁 (<5M, 1,169,975명)"
3,70% 이상,1000만+,2024-02-24,2024-03-05,11,78.57280617164898,74.20877905616989,파묘 / 듄: 파트2 / 웡카,"파묘 (10M+, 11,902,097명) / 듄: 파트2 (<5M, 2,010,321명) / 웡카 (<5M, 3,526,209명)"
3,60% 이상,1000만+,2024-03-06,2024-03-12,7,68.97910918407568,65.61979387720851,파묘 / 듄: 파트2 / 패스트 라이브즈,"파묘 (10M+, 11,902,097명) / 듄: 파트2 (<5M, 2,010,321명) / 패스트 라이브즈 (<5M, 114,943명)"
3,60% 이상,1000만+,2024-03-14,2024-03-17,4,63.4638196915777,62.28100994597782,파묘 / 듄: 파트2 / 밥 말리: 원 러브,"파묘 (10M+, 11,902,097명) / 듄: 파트2 (<5M, 2,010,321명) / 밥 말리: 원 러브 (<5M, 33,938명)"
3,60% 이상,1000만+,2024-03-19,2024-03-20,2,68.82819015846539,66.83132767685578,파묘 / 극장판 스파이 패밀리 코드 : 화이트 / 듄: 파트2,"파묘 (10M+, 11,902,097명) / 극장판 스파이 패밀리 코드 : 화이트 (<5M, 261,502명) / 듄: 파트2 (<5M, 2,010,321명)"
3,70% 이상,1000만+,2024-03-21,2024-03-22,2,73.35355285961872,71.71793760831889,파묘 / 극장판 스파이 패밀리 코드 : 화이트 / 듄: 파트2,"파묘 (10M+, 11,902,097명) / 극장판 스파이 패밀리 코드 : 화이트 (<5M, 261,502명) / 듄: 파트2 (<5M, 2,010,321명)"
3,60% 이상,1000만+,2024-03-23,2024-03-24,2,66.36310792482077,66.16394293637669,파묘 / 듄: 파트2 / 극장판 스파이 패밀리 코드 : 화이트,"파묘 (10M+, 11,902,097명) / 듄: 파트2 (<5M, 2,010,321명) / 극장판 스파이 패밀리 코드 : 화이트 (<5M, 261,502명)"
3,70% 이상,1000만+,2024-03-25,2024-03-25,1,70.8589655958077,70.8589655958077,파묘 / 듄: 파트2 / 극장판 스파이 패밀리 코드 : 화이트,"파묘 (10M+, 11,902,097명) / 듄: 파트2 (<5M, 2,010,321명) / 극장판 스파이 패밀리 코드 : 화이트 (<5M, 261,502명)"
3,60% 이상,1000만+,2024-03-26,2024-04-02,8,69.73509933774835,65.86079463757781,파묘 / 듄: 파트2 / 극장판 스파이 패밀리 코드 : 화이트,"파묘 (10M+, 11,902,097명) / 듄: 파트2 (<5M, 2,010,321명) / 극장판 스파이 패밀리 코드 : 화이트 (<5M, 261,502명)"
3,60% 이상,1000만+,2024-04-10,2024-04-17,8,65.7271702367531,62.92268255402388,쿵푸팬더4 / 파묘 / 댓글부대,"쿵푸팬더4 (<5M, 1,766,417명) / 파묘 (10M+, 11,902,097명) / 댓글부대 (<5M, 970,344명)"
3,60% 이상,1000만+,2024-04-22,2024-04-23,2,62.509467306235805,62.1802415537951,쿵푸팬더4 / 파묘 / 댓글부대,"쿵푸팬더4 (<5M, 1,766,417명) / 파묘 (10M+, 11,902,097명) / 댓글부대 (<5M, 970,344명)"
3,70% 이상,1000만+,2024-04-24,2024-05-10,17,83.67996604414262,78.7495565071873,범죄도시4 / 쿵푸팬더4 / 파묘,"범죄도시4 (10M+, 11,495,435명) / 쿵푸팬더4 (<5M, 1,766,417명) / 파묘 (10M+, 11,902,097명)"
3,60% 이상,1000만+,2024-05-11,2024-05-11,1,69.96169979937991,69.96169979937991,범죄도시4 / 혹성탈출: 새로운 시대 / 쿵푸팬더4,"범죄도시4 (10M+, 11,495,435명) / 혹성탈출: 새로운 시대 (<5M, 901,098명) / 쿵푸팬더4 (<5M, 1,766,417명)"
3,70% 이상,1000만+,2024-05-12,2024-05-14,3,75.7967461555605,73.76791687263922,범죄도시4 / 혹성탈출: 새로운 시대 / 스턴트맨,"범죄도시4 (10M+, 11,495,435명) / 혹성탈출: 새로운 시대 (<5M, 901,098명) / 스턴트맨 (<5M, 208,520명)"
3,60% 이상,500만미만,2024-06-03,2024-06-03,1,60.28968014484008,60.28968014484008,퓨리오사: 매드맥스 사가 / 설계자 / 그녀가 죽었다,"퓨리오사: 매드맥스 사가 (<5M, 1,600,701명) / 설계자 (<5M, 514,448명) / 그녀가 죽었다 (<5M, 1,236,562명)"
3,60% 이상,500만+,2024-06-12,2024-06-20,9,66.79295321083539,65.3689963317542,인사이드 아웃 2 / 원더랜드 / 퓨리오사: 매드맥스 사가,"인사이드 아웃 2 (5M+, 8,760,451명) / 원더랜드 (<5M, 620,887명) / 퓨리오사: 매드맥스 사가 (<5M, 1,600,701명)"
3,70% 이상,500만+,2024-06-21,2024-06-24,4,79.51147610023163,75.02932155817699,인사이드 아웃 2 / 하이재킹 / 퓨리오사: 매드맥스 사가,"인사이드 아웃 2 (5M+, 8,760,451명) / 하이재킹 (<5M, 1,771,095명) / 퓨리오사: 매드맥스 사가 (<5M, 1,600,701명)"
3,60% 이상,500만+,2024-06-25,2024-06-25,1,69.56809167033936,69.56809167033936,인사이드 아웃 2 / 하이재킹 / 퓨리오사: 매드맥스 사가,"인사이드 아웃 2 (5M+, 8,760,451명) / 하이재킹 (<5M, 1,771,095명) / 퓨리오사: 매드맥스 사가 (<5M, 1,600,701명)"
3,70% 이상,500만+,2024-06-26,2024-06-26,1,70.17296862429606,70.17296862429606,인사이드 아웃 2 / 하이재킹 / 콰이어트 플레이스: 첫째 날,"인사이드 아웃 2 (5M+, 8,760,451명) / 하이재킹 (<5M, 1,771,095명) / 콰이어트 플레이스: 첫째 날 (<5M, 548,916명)"
3,60% 이상,500만+,2024-06-27,2024-06-27,1,69.79253112033194,69.79253112033194,인사이드 아웃 2 / 하이재킹 / 콰이어트 플레이스: 첫째 날,"인사이드 아웃 2 (5M+, 8,760,451명) / 하이재킹 (<5M, 1,771,095명) / 콰이어트 플레이스: 첫째 날 (<5M, 548,916명)"
3,70% 이상,500만+,2024-06-28,2024-07-02,5,72.33887164506116,70.9765514187778,인사이드 아웃 2 / 하이재킹 / 핸섬가이즈,"인사이드 아웃 2 (5M+, 8,760,451명) / 하이재킹 (<5M, 1,771,095명) / 핸섬가이즈 (<5M, 1,767,644명)"
3,60% 이상,500만+,2024-07-03,2024-07-11,9,68.14748201438849,65.70413626692101,인사이드 아웃 2 / 탈주 / 핸섬가이즈,"인사이드 아웃 2 (5M+, 8,760,451명) / 탈주 (<5M, 2,554,562명) / 핸섬가이즈 (<5M, 1,767,644명)"
3,60% 이상,500만미만,2024-07-24,2024-07-29,6,63.519313304721024,61.905947577807666,데드풀과 울버린 / 슈퍼배드 4 / 탈주,"데드풀과 울버린 (<5M, 1,962,077명) / 슈퍼배드 4 (<5M, 1,539,379명) / 탈주 (<5M, 2,554,562명)"
3,60% 이상,500만미만,2024-07-31,2024-08-06,7,63.92493861802877,62.43276230655891,파일럿 / 슈퍼배드 4 / 데드풀과 울버린,"파일럿 (<5M, 4,710,803명) / 슈퍼배드 4 (<5M, 1,539,379명) / 데드풀과 울버린 (<5M, 1,962,077명)"
3,70% 이상,500만+,2024-09-13,2024-09-13,1,71.22547056467762,71.22547056467762,베테랑2 / 스픽 노 이블 / 에이리언: 로물루스,"베테랑2 (5M+, 7,514,196명) / 스픽 노 이블 (<5M, 37,026명) / 에이리언: 로물루스 (<5M, 1,998,630명)"
3,60% 이상,500만+,2024-09-14,2024-09-18,5,68.70454098682917,66.65794703852526,베테랑2 / 사랑의 하츄핑 / 비긴 어게인,"베테랑2 (5M+, 7,514,196명) / 사랑의 하츄핑 (<5M, 1,222,520명) / 비긴 어게인 (<5M, 3,701,400명)"
3,70% 이상,500만+,2024-09-19,2024-09-20,2,74.39820022497187,73.49831271091114,베테랑2 / 비긴 어게인 / 에이리언: 로물루스,"베테랑2 (5M+, 7,514,196명) / 비긴 어게인 (<5M, 3,701,400명) / 에이리언: 로물루스 (<5M, 1,998,630명)"
3,60% 이상,500만+,2024-09-21,2024-09-22,2,68.42741935483872,68.09792442100911,베테랑2 / 사랑의 하츄핑 / 비긴 어게인,"베테랑2 (5M+, 7,514,196명) / 사랑의 하츄핑 (<5M, 1,222,520명) / 비긴 어게인 (<5M, 3,701,400명)"
3,70% 이상,500만+,2024-09-23,2024-09-27,5,75.40331491712706,74.14135446629238,베테랑2 / 트랜스포머 ONE / 비긴 어게인,"베테랑2 (5M+, 7,514,196명) / 트랜스포머 ONE (<5M, 352,261명) / 비긴 어게인 (<5M, 3,701,400명)"
3,60% 이상,500만+,2024-09-28,2024-09-29,2,67.53545419701035,67.45982780963337,베테랑2 / 트랜스포머 ONE / 비긴 어게인,"베테랑2 (5M+, 7,514,196명) / 트랜스포머 ONE (<5M, 352,261명) / 비긴 어게인 (<5M, 3,701,400명)"
3,70% 이상,500만+,2024-09-30,2024-09-30,1,74.87855655794587,74.87855655794587,베테랑2 / 트랜스포머 ONE / 비긴 어게인,"베테랑2 (5M+, 7,514,196명) / 트랜스포머 ONE (<5M, 352,261명) / 비긴 어게인 (<5M, 3,701,400명)"
3,60% 이상,500만+,2024-10-16,2024-10-16,1,61.08417805200529,61.08417805200529,보통의 가족 / 베테랑2 / 대도시의 사랑법,"보통의 가족 (<5M, 643,746명) / 베테랑2 (5M+, 7,514,196명) / 대도시의 사랑법 (<5M, 875,383명)"
3,60% 이상,500만미만,2024-10-23,2024-11-01,10,69.15027208036835,65.74229020482746,아마존 활명수 / 베놈: 라스트 댄스 / 보통의 가족,"아마존 활명수 (<5M, 603,874명) / 베놈: 라스트 댄스 (<5M, 1,759,962명) / 보통의 가족 (<5M, 643,746명)"
3,60% 이상,500만미만,2024-11-04,2024-11-05,2,68.11894882434302,66.83988515466757,아마존 활명수 / 베놈: 라스트 댄스 / 보통의 가족,"아마존 활명수 (<5M, 603,874명) / 베놈: 라스트 댄스 (<5M, 1,759,962명) / 보통의 가족 (<5M, 643,746명)"
3,70% 이상,500만미만,2024-11-13,2024-11-13,1,72.06629834254143,72.06629834254143,글래디에이터 Ⅱ / 청설 / 베놈: 라스트 댄스,"글래디에이터 Ⅱ (<5M, 901,333명) / 청설 (<5M, 795,135명) / 베놈: 라스트 댄스 (<5M, 1,759,962명)"
3,60% 이상,500만미만,2024-11-14,2024-11-26,13,68.87923904052936,66.26809258607511,위키드 / 히든페이스 / 글래디에이터 Ⅱ,"위키드 (<5M, 2,280,997명) / 히든페이스 (<5M, 1,005,171명) / 글래디에이터 Ⅱ (<5M, 901,333명)"
3,70% 이상,500만미만,2024-11-27,2024-12-03,7,76.07709750566895,73.62995645631996,모아나 2 / 위키드 / 히든페이스,"모아나 2 (<5M, 3,526,383명) / 위키드 (<5M, 2,280,997명) / 히든페이스 (<5M, 1,005,171명)"
3,60% 이상,500만미만,2024-12-07,2024-12-10,4,66.05610561056105,63.792255034619956,모아나 2 / 소방관 / 위키드,"모아나 2 (<5M, 3,526,383명) / 소방관 (<5M, 3,836,189명) / 위키드 (<5M, 2,280,997명)"
3,60% 이상,500만미만,2024-12-14,2024-12-15,2,60.95597897503285,60.67274109669286,소방관 / 모아나 2 / 대가족,"소방관 (<5M, 3,836,189명) / 모아나 2 (<5M, 3,526,383명) / 대가족 (<5M, 324,530명)"
3,60% 이상,500만미만,2024-12-24,2024-12-24,1,62.207357859531776,62.207357859531776,하얼빈 / 소방관 / 무파사: 라이온 킹,"하얼빈 (<5M, 4,900,863명) / 소방관 (<5M, 3,836,189명) / 무파사: 라이온 킹 (<5M, 833,832명)"
3,60% 이상,500만미만,2024-12-26,2024-12-27,2,62.45304589253634,61.74621306892795,하얼빈 / 소방관 / 무파사: 라이온 킹,"하얼빈 (<5M, 4,900,863명) / 소방관 (<5M, 3,836,189명) / 무파사: 라이온 킹 (<5M, 833,832명)"
3,60% 이상,500만미만,2025-01-22,2025-01-29,8,67.63074484944534,62.681295367812595,검은 수녀들 / 히트맨2 / 하얼빈,"검은 수녀들 (<5M, 1,657,383명) / 히트맨2 (<5M, 2,535,747명) / 하얼빈 (<5M, 4,900,863명)"
3,60% 이상,500만미만,2025-01-31,2025-02-04,5,67.06881143878462,63.33866274427292,히트맨2 / 검은 수녀들 / 말할 수 없는 비밀,"히트맨2 (<5M, 2,535,747명) / 검은 수녀들 (<5M, 1,657,383명) / 말할 수 없는 비밀 (<5M, 811,097명)"
3,60% 이상,500만미만,2025-02-07,2025-02-07,1,61.89105403011514,61.89105403011514,히트맨2 / 말할 수 없는 비밀 / 검은 수녀들,"히트맨2 (<5M, 2,535,747명) / 말할 수 없는 비밀 (<5M, 811,097명) / 검은 수녀들 (<5M, 1,657,383명)"
3,60% 이상,500만미만,2025-02-12,2025-02-14,3,62.434502216848045,61.71766060262286,캡틴 아메리카: 브레이브 뉴 월드 / 히트맨2 / 말할 수 없는 비밀,"캡틴 아메리카: 브레이브 뉴 월드 (<5M, 1,652,658명) / 히트맨2 (<5M, 2,535,747명) / 말할 수 없는 비밀 (<5M, 811,097명)"
3,60% 이상,500만미만,2025-02-16,2025-02-20,5,62.19104876419505,61.364632134633595,캡틴 아메리카: 브레이브 뉴 월드 / 히트맨2 / 말할 수 없는 비밀,"캡틴 아메리카: 브레이브 뉴 월드 (<5M, 1,652,658명) / 히트맨2 (<5M, 2,535,747명) / 말할 수 없는 비밀 (<5M, 811,097명)"
3,60% 이상,500만미만,2025-02-28,2025-03-11,12,68.27342613754415,65.22846356322347,미키 17 / 퇴마록 / 캡틴 아메리카: 브레이브 뉴 월드,"미키 17 (<5M, 3,002,495명) / 퇴마록 (<5M, 490,404명) / 캡틴 아메리카: 브레이브 뉴 월드 (<5M, 1,652,658명)"
3,60% 이상,500만미만,2025-03-31,2025-04-04,5,69.05529382593603,65.3009378838868,승부 / 로비 / 미키 17,"승부 (<5M, 2,127,984명) / 로비 (<5M, 257,757명) / 미키 17 (<5M, 3,002,495명)"
3,60% 이상,500만미만,2025-04-07,2025-04-11,5,69.50107296137338,65.33753573891765,승부 / 아마추어 / 로비,"승부 (<5M, 2,127,984명) / 아마추어 (<5M, 94,254명) / 로비 (<5M, 257,757명)"
3,60% 이상,500만미만,2025-04-14,2025-04-15,2,66.67626728110599,65.9052381522606,승부 / 아마추어 / 로비,"승부 (<5M, 2,127,984명) / 아마추어 (<5M, 94,254명) / 로비 (<5M, 257,757명)"
3,70% 이상,500만미만,2025-04-16,2025-04-19,4,75.6213643574828,73.06625446810699,야당 / 승부 / 브리짓 존스의 일기: 뉴 챕터,"야당 (<5M, 3,370,806명) / 승부 (<5M, 2,127,984명) / 브리짓 존스의 일기: 뉴 챕터 (<5M, 42,312명)"
3,60% 이상,500만미만,2025-04-20,2025-04-20,1,68.5326918871638,68.5326918871638,야당 / 승부 / 브리짓 존스의 일기: 뉴 챕터,"야당 (<5M, 3,370,806명) / 승부 (<5M, 2,127,984명) / 브리짓 존스의 일기: 뉴 챕터 (<5M, 42,312명)"
3,70% 이상,500만미만,2025-04-21,2025-04-29,9,79.88006617038874,75.54343681932293,야당 / A MINECRAFT MOVIE 마인크래프트 무비 / 승부,"야당 (<5M, 3,370,806명) / A MINECRAFT MOVIE 마인크래프트 무비 (<5M, 1,355,645명) / 승부 (<5M, 2,127,984명)"
3,60% 이상,500만미만,2025-04-30,2025-04-30,1,62.15495907100705,62.15495907100705,썬더볼츠＊ / 야당 / 거룩한 밤: 데몬 헌터스,"썬더볼츠＊ (<5M, 917,148명) / 야당 (<5M, 3,370,806명) / 거룩한 밤: 데몬 헌터스 (<5M, 772,903명)"
3,60% 이상,500만미만,2025-05-17,2025-06-01,16,69.02268760907505,66.03525658887347,미션 임파서블: 파이널 레코닝 / 릴로 & 스티치 / 야당,"미션 임파서블: 파이널 레코닝 (<5M, 3,380,750명) / 릴로 & 스티치 (<5M, 479,871명) / 야당 (<5M, 3,370,806명)"
3,60% 이상,500만미만,2025-06-04,2025-06-10,7,67.66780890949406,63.95159701480054,하이파이브 / 미션 임파서블: 파이널 레코닝 / 소주전쟁,"하이파이브 (<5M, 1,881,386명) / 미션 임파서블: 파이널 레코닝 (<5M, 3,380,750명) / 소주전쟁 (<5M, 274,568명)"
3,60% 이상,500만미만,2025-06-14,2025-06-17,4,65.83292860611948,62.31528868485677,하이파이브 / 드래곤 길들이기 / 미션 임파서블: 파이널 레코닝,"하이파이브 (<5M, 1,881,386명) / 드래곤 길들이기 (<5M, 1,769,551명) / 미션 임파서블: 파이널 레코닝 (<5M, 3,380,750명)"
3,60% 이상,500만+,2025-07-02,2025-07-08,7,63.89055322548432,62.44252805850365,쥬라기 월드: 새로운 시작 / F1 더 무비 / 노이즈,"쥬라기 월드: 새로운 시작 (<5M, 2,194,112명) / F1 더 무비 (5M+, 5,261,209명) / 노이즈 (<5M, 1,699,845명)"
3,60% 이상,500만미만,2025-07-09,2025-07-09,1,60.03280481137233,60.03280481137233,슈퍼맨 / 쥬라기 월드: 새로운 시작 / 노이즈,"슈퍼맨 (<5M, 851,220명) / 쥬라기 월드: 새로운 시작 (<5M, 2,194,112명) / 노이즈 (<5M, 1,699,845명)"
3,60% 이상,500만+,2025-07-15,2025-07-15,1,60.84635159185288,60.84635159185288,쥬라기 월드: 새로운 시작 / 슈퍼맨 / F1 더 무비,"쥬라기 월드: 새로운 시작 (<5M, 2,194,112명) / 슈퍼맨 (<5M, 851,220명) / F1 더 무비 (5M+, 5,261,209명)"
3,60% 이상,500만+,2025-08-20,2025-08-21,2,63.05167442891994,62.29754830646341,좀비딸 / F1 더 무비 / 악마가 이사왔다,"좀비딸 (5M+, 5,641,601명) / F1 더 무비 (5M+, 5,261,209명) / 악마가 이사왔다 (<5M, 436,088명)"
3,70% 이상,500만+,2025-08-22,2025-08-22,1,70.18714100426162,70.18714100426162,극장판 귀멸의 칼날: 무한성편 / 좀비딸 / F1 더 무비,"극장판 귀멸의 칼날: 무한성편 (5M+, 5,809,650명) / 좀비딸 (5M+, 5,641,601명) / F1 더 무비 (5M+, 5,261,209명)"
3,60% 이상,500만+,2025-08-23,2025-09-05,14,68.23364672934588,64.58465069212325,극장판 귀멸의 칼날: 무한성편 / 좀비딸 / F1 더 무비,"극장판 귀멸의 칼날: 무한성편 (5M+, 5,809,650명) / 좀비딸 (5M+, 5,641,601명) / F1 더 무비 (5M+, 5,261,209명)"
3,60% 이상,500만+,2025-09-08,2025-09-09,2,60.74486301369863,60.41534996178493,극장판 귀멸의 칼날: 무한성편 / 컨저링: 마지막 의식 / 살인자 리포트,"극장판 귀멸의 칼날: 무한성편 (5M+, 5,809,650명) / 컨저링: 마지막 의식 (<5M, 410,827명) / 살인자 리포트 (<5M, 360,799명)"
3,70% 이상,500만미만,2025-09-24,2025-09-24,1,71.13323124042878,71.13323124042878,어쩔수가없다 / 극장판 체인소 맨: 레제편 / 얼굴,"어쩔수가없다 (<5M, 2,925,401명) / 극장판 체인소 맨: 레제편 (<5M, 3,453,440명) / 얼굴 (<5M, 1,067,555명)"
3,60% 이상,500만미만,2025-09-25,2025-09-30,6,69.55278742086992,66.19856965837174,어쩔수가없다 / 극장판 체인소 맨: 레제편 / 얼굴,"어쩔수가없다 (<5M, 2,925,401명) / 극장판 체인소 맨: 레제편 (<5M, 3,453,440명) / 얼굴 (<5M, 1,067,555명)"
3,60% 이상,500만미만,2025-11-23,2025-11-23,1,60.33012878650462,60.33012878650462,위키드: 포 굿 / 나우 유 씨 미 3 / 극장판 체인소 맨: 레제편,"위키드: 포 굿 (<5M, 964,710명) / 나우 유 씨 미 3 (<5M, 1,367,031명) / 극장판 체인소 맨: 레제편 (<5M, 3,453,440명)"
3,60% 이상,500만미만,2025-11-25,2025-11-25,1,62.55648805681085,62.55648805681085,위키드: 포 굿 / 나우 유 씨 미 3 / 극장판 체인소 맨: 레제편,"위키드: 포 굿 (<5M, 964,710명) / 나우 유 씨 미 3 (<5M, 1,367,031명) / 극장판 체인소 맨: 레제편 (<5M, 3,453,440명)"
3,70% 이상,500만+,2025-11-26,2025-12-02,7,76.18701109696198,72.9101831567323,주토피아 2 / 위키드: 포 굿 / 나우 유 씨 미 3,"주토피아 2 (5M+, 8,604,180명) / 위키드: 포 굿 (<5M, 964,710명) / 나우 유 씨 미 3 (<5M, 1,367,031명)"
3,60% 이상,500만+,2025-12-16,2025-12-16,1,61.288343558282214,61.288343558282214,주토피아 2 / 윗집 사람들 / 극장판 주술회전: 시부야사변 X 사멸회유,"주토피아 2 (5M+, 8,604,180명) / 윗집 사람들 (<5M, 545,602명) / 극장판 주술회전: 시부야사변 X 사멸회유 (<5M, 357,540명)"
3,70% 이상,500만+,2025-12-17,2025-12-30,14,83.10502283105023,77.06274459124856,아바타: 불과 재 / 주토피아 2 / 윗집 사람들,"아바타: 불과 재 (5M+, 6,731,026명) / 주토피아 2 (5M+, 8,604,180명) / 윗집 사람들 (<5M, 545,602명)"
3,60% 이상,500만+,2025-12-31,2025-12-31,1,61.04539641943734,61.04539641943734,아바타: 불과 재 / 주토피아 2 / 만약에 우리,"아바타: 불과 재 (5M+, 6,731,026명) / 주토피아 2 (5M+, 8,604,180명) / 만약에 우리 (<5M, 2,594,460명)"
3,60% 이상,1000만+,2026-02-04,2026-02-07,4,68.70554765291607,64.84102621012413,왕과 사는 남자 / 만약에 우리 / 신의악단,"왕과 사는 남자 (10M+, 16,883,801명) / 만약에 우리 (<5M, 2,594,460명) / 신의악단 (<5M, 1,438,794명)"
3,60% 이상,1000만+,2026-02-09,2026-02-22,14,69.65983519966194,66.03571618578651,왕과 사는 남자 / 휴민트 / 넘버원,"왕과 사는 남자 (10M+, 16,883,801명) / 휴민트 (<5M, 1,979,498명) / 넘버원 (<5M, 278,409명)"
3,70% 이상,1000만+,2026-02-23,2026-02-23,1,70.43285238623751,70.43285238623751,왕과 사는 남자 / 휴민트 / 넘버원,"왕과 사는 남자 (10M+, 16,883,801명) / 휴민트 (<5M, 1,979,498명) / 넘버원 (<5M, 278,409명)"
3,60% 이상,1000만+,2026-02-24,2026-03-06,11,68.52739012705686,65.62994228448939,왕과 사는 남자 / 호퍼스 / 휴민트,"왕과 사는 남자 (10M+, 16,883,801명) / 호퍼스 (<5M, 754,046명) / 휴민트 (<5M, 1,979,498명)"
3,70% 이상,1000만+,2026-03-07,2026-03-09,3,72.30439859867653,71.6308503092751,왕과 사는 남자 / 호퍼스 / 휴민트,"왕과 사는 남자 (10M+, 16,883,801명) / 호퍼스 (<5M, 754,046명) / 휴민트 (<5M, 1,979,498명)"
3,60% 이상,1000만+,2026-03-10,2026-03-10,1,67.61463844797179,67.61463844797179,왕과 사는 남자 / 호퍼스 / 휴민트,"왕과 사는 남자 (10M+, 16,883,801명) / 호퍼스 (<5M, 754,046명) / 휴민트 (<5M, 1,979,498명)"
3,70% 이상,1000만+,2026-03-11,2026-04-03,24,81.6022356776898,75.23480357346055,왕과 사는 남자 / 호퍼스 / 휴민트,"왕과 사는 남자 (10M+, 16,883,801명) / 호퍼스 (<5M, 754,046명) / 휴민트 (<5M, 1,979,498명)"
3,60% 이상,1000만+,2026-04-04,2026-04-05,2,67.38920069672925,66.89187925992925,프로젝트 헤일메리 / 왕과 사는 남자 / 끝장수사,"프로젝트 헤일메리 (<5M, 2,883,508명) / 왕과 사는 남자 (10M+, 16,883,801명) / 끝장수사 (<5M, 85,189명)"
3,70% 이상,1000만+,2026-04-06,2026-04-14,9,77.86295005807202,73.83065182039269,살목지 / 프로젝트 헤일메리 / 왕과 사는 남자,"살목지 (<5M, 3,230,647명) / 프로젝트 헤일메리 (<5M, 2,883,508명) / 왕과 사는 남자 (10M+, 16,883,801명)"
3,60% 이상,1000만+,2026-04-15,2026-04-21,7,66.76970633693972,64.27532260499038,살목지 / 프로젝트 헤일메리 / 왕과 사는 남자,"살목지 (<5M, 3,230,647명) / 프로젝트 헤일메리 (<5M, 2,883,508명) / 왕과 사는 남자 (10M+, 16,883,801명)"
3,60% 이상,500만미만,2026-04-29,2026-05-05,7,69.8779495524817,66.36643328864703,슈퍼 마리오 갤럭시 / 악마는 프라다를 입는다 2 / 살목지,"슈퍼 마리오 갤럭시 (<5M, 1,576,909명) / 악마는 프라다를 입는다 2 (<5M, 1,558,581명) / 살목지 (<5M, 3,230,647명)"
3,60% 이상,500만미만,2026-05-09,2026-05-10,2,61.64522681110358,61.10071115114995,슈퍼 마리오 갤럭시 / 악마는 프라다를 입는다 2 / 살목지,"슈퍼 마리오 갤럭시 (<5M, 1,576,909명) / 악마는 프라다를 입는다 2 (<5M, 1,558,581명) / 살목지 (<5M, 3,230,647명)"
3,60% 이상,500만미만,2026-05-13,2026-05-15,3,61.50815981992122,60.99448108064265,마이클 / 악마는 프라다를 입는다 2 / 살목지,"마이클 (<5M, 1,184,600명) / 악마는 프라다를 입는다 2 (<5M, 1,558,581명) / 살목지 (<5M, 3,230,647명)"
3,60% 이상,500만미만,2026-05-18,2026-05-20,3,64.86606154527341,63.44107803617473,마이클 / 악마는 프라다를 입는다 2 / 살목지,"마이클 (<5M, 1,184,600명) / 악마는 프라다를 입는다 2 (<5M, 1,558,581명) / 살목지 (<5M, 3,230,647명)"
3,70% 이상,500만미만,2026-05-21,2026-05-21,1,71.19254395255243,71.19254395255243,군체 / 마이클 / 악마는 프라다를 입는다 2,"군체 (<5M, 2,018,610명) / 마이클 (<5M, 1,184,600명) / 악마는 프라다를 입는다 2 (<5M, 1,558,581명)"
3,60% 이상,500만미만,2026-05-22,2026-05-25,4,68.0363492690636,65.49978252467312,군체 / 마이클 / 악마는 프라다를 입는다 2,"군체 (<5M, 2,018,610명) / 마이클 (<5M, 1,184,600명) / 악마는 프라다를 입는다 2 (<5M, 1,558,581명)"
