quarter,movie_nm,movie_cd,screen_count,show_count,audience_acc_max,active_days,quarter_screen_share,quarter_rank,audience_tier
2020Q1,남산의 부장들,20180939,29791,138381,4748387,30,7.518593951508085,1,500만미만
2020Q1,정직한 후보,20193321,25511,87383,1531010,50,6.438415974519914,2,500만미만
2020Q1,1917,20192399,24006,69529,714927,42,6.058587036350008,3,500만미만
2020Q1,히트맨,20192101,21387,87505,2404799,30,5.39760897052477,4,500만미만
2020Q1,작은 아씨들,20192240,21215,57082,850030,44,5.3541999490196375,5,500만미만
2020Q1,인비저블맨,20199842,20162,56527,543009,35,5.088445881316707,6,500만미만
2020Q1,지푸라기라도 잡고 싶은 짐승들,20180962,19394,63191,620398,38,4.8946195527356515,7,500만미만
2020Q1,백두산,20192206,19178,73014,8242478,25,4.84010589782223,8,500만+
2020Q1,닥터 두리틀,20199581,17554,67323,1604127,23,4.430243973843541,9,500만미만
2020Q1,클로젯,20182447,17140,70588,1266654,28,4.325759468592816,10,500만미만
2020Q2,결백,20183813,17391,57383,742916,23,6.57778282083286,1,500만미만
2020Q2,침입자,20197863,17264,53061,530659,26,6.5297477211694845,2,500만미만
2020Q2,프리즌 이스케이프,20207893,14702,28578,213731,39,5.560724687015394,3,500만미만
2020Q2,위대한 쇼맨,20179462,14406,29457,1685574,41,5.448768864177919,4,500만미만
2020Q2,1917,20192399,12194,19987,860622,42,4.612126025946519,5,500만미만
2020Q2,#살아있다,20193069,12060,54912,1194944,9,4.561443322364688,6,500만미만
2020Q2,온워드: 단 하루의 기적,20191048,10840,32205,296920,15,4.100003782291313,7,500만미만
2020Q2,라라랜드,20167904,8468,13984,3729860,42,3.202844283066682,8,500만미만
2020Q2,사라진 시간,20193859,7685,20389,184399,13,2.906690873331064,9,500만미만
2020Q2,패왕별희 디 오리지널,20173226,7615,9757,90898,27,2.8802148341465257,10,500만미만
2020Q3,테넷,20201122,48402,146781,1735384,38,12.557531353614811,1,500만미만
2020Q3,반도,20193450,47545,198760,3810397,46,12.335189211346972,2,500만미만
2020Q3,다만 악에서 구하소서,20197922,45937,193492,4353414,52,11.918005821887599,3,500만미만
2020Q3,강철비2: 정상회담,20196271,29750,106526,1790797,43,7.718411589811177,4,500만미만
2020Q3,#살아있다,20193069,22830,81915,1903703,34,5.92307013766014,5,500만미만
2020Q3,오케이 마담,20199883,22432,82063,1228551,34,5.819812059920818,6,500만미만
2020Q3,오! 문희,20193666,18133,51305,324384,29,4.704469154892306,7,500만미만
2020Q3,뮬란,20193822,12070,37648,226101,12,3.1314698450091063,8,500만미만
2020Q3,밤쉘: 세상을 바꾼 폭탄선언,20204644,10924,26782,181559,31,2.8341488472973886,9,500만미만
2020Q3,극장판 짱구는 못말려: 신혼여행 허리케인~ 사라진 아빠!,20202281,8319,12503,120580,27,2.1583013786769474,10,500만미만
2020Q4,도굴,20192193,43842,133274,1523514,59,12.311260751503033,1,500만미만
2020Q4,삼진그룹 영어토익반,20197121,41367,138107,1566916,52,11.6162566376403,2,500만미만
2020Q4,담보,20199816,32594,100713,1715630,43,9.152712762522007,3,500만미만
2020Q4,이웃사촌,20181983,26224,65256,423701,42,7.363954699772263,4,500만미만
2020Q4,원더 우먼 1984,20192567,18872,45346,390986,9,5.2994414694212235,5,500만미만
2020Q4,런,20200294,17868,38737,277525,43,5.0175084874744815,6,500만미만
2020Q4,조제,20201002,17586,38291,186647,23,4.938320139955576,7,500만미만
2020Q4,소리도 없이,20194424,13666,39874,398025,20,3.837545947494194,8,500만미만
2020Q4,내가 죽던 날,20190582,10964,28857,231047,22,3.0787980219761706,9,500만미만
2020Q4,테넷,20201122,10582,17223,1986083,44,2.971528700159781,10,500만미만
2021Q1,소울,20207443,57803,159253,2037876,70,17.32220933612632,1,500만미만
2021Q1,극장판 귀멸의 칼날: 무한열차편,20200703,39088,95550,1513272,67,11.713760852040648,2,500만미만
2021Q1,미나리,20205144,26213,78530,843183,29,7.85542399750669,3,500만미만
2021Q1,원더 우먼 1984,20192567,21638,38050,548695,27,6.484403328808217,4,500만미만
2021Q1,미션 파서블,20199541,16459,43727,444052,30,4.932377964176653,5,500만미만
2021Q1,라야와 마지막 드래곤,20200263,15171,32043,303890,28,4.54639444039881,6,500만미만
2021Q1,화양연화,20040725,8539,12274,100711,27,2.5589389049215896,7,500만미만
2021Q1,새해전야,20190323,8331,21070,166671,15,2.4966061619512545,8,500만미만
2021Q1,톰과 제리,20202555,8256,16860,132625,15,2.4741304132840662,9,500만미만
2021Q1,고질라 VS. 콩,20215850,8044,26729,400880,7,2.410598963718148,10,500만미만
2021Q2,분노의 질주: 더 얼티메이트,20205041,43065,131093,2279129,42,10.743447033671034,1,500만미만
2021Q2,크루엘라,20216362,32741,94014,1531970,37,8.167913603376832,2,500만미만
2021Q2,극장판 귀멸의 칼날: 무한열차편,20200703,32317,55558,2145702,88,8.062138111857582,3,500만미만
2021Q2,미나리,20205144,21360,33545,1128307,55,5.328689855781104,4,500만미만
2021Q2,자산어보,20197434,18748,45188,333427,29,4.6770729127427035,5,500만미만
2021Q2,컨저링3: 악마가 시켰다,20217736,18324,49769,770938,28,4.571297421223453,6,500만미만
2021Q2,비와 당신의 이야기,20193068,17169,43869,398407,33,4.283158995033042,7,500만미만
2021Q2,서복,20183003,16051,49515,385409,19,4.004250977300679,8,500만미만
2021Q2,내일의 기억,20194501,15754,40519,332094,30,3.930158239137431,9,500만미만
2021Q2,고질라 VS. 콩,20215850,14595,34750,698632,25,3.6410219309515552,10,500만미만
2021Q3,모가디슈,20204117,62788,205720,3574451,68,13.52061965558898,1,500만미만
2021Q3,블랙 위도우,20191951,46046,154426,2957005,46,9.91543690930194,2,500만미만
2021Q3,인질,20192194,35227,109645,1626970,47,7.585698996741942,3,500만미만
2021Q3,싱크홀,20196270,35024,120457,2185815,39,7.541985456095886,4,500만미만
2021Q3,샹치와 텐 링즈의 전설,20217742,34137,111514,1686426,31,7.350980970612872,5,500만미만
2021Q3,보스 베이비 2,20218391,22535,58211,919925,33,4.852633686989515,6,500만미만
2021Q3,보이스,20190815,19273,72779,1029282,21,4.150202309711512,7,500만미만
2021Q3,랑종,20218364,17048,51493,829064,29,3.671076063714101,8,500만미만
2021Q3,기적,20200474,16250,52103,487613,19,3.4992366280709843,9,500만미만
2021Q3,크루엘라,20216362,13924,28309,1978688,35,2.9983612805698696,10,500만미만
2021Q4,이터널스,20218256,48675,161851,3048616,41,11.048112344605775,1,500만미만
2021Q4,듄,20210087,41315,103744,1549346,58,9.377560585873397,2,500만미만
2021Q4,스파이더맨: 노 웨이 홈,20210028,41283,144751,5560940,17,9.370297317357169,3,500만+
2021Q4,베놈 2: 렛 데어 비 카니지,20218052,38939,150728,2121625,37,8.838262898543487,4,500만미만
2021Q4,007 노 타임 투 다이,20191061,32039,87080,1222296,33,7.272120624731883,5,500만미만
2021Q4,유체이탈자,20196264,24449,83499,810317,33,5.549364123539118,6,500만미만
2021Q4,연애 빠진 로맨스,20205986,22919,66598,603015,39,5.20208909760698,7,500만미만
2021Q4,엔칸토: 마법의 세계,20210864,20675,52157,620095,38,4.6927523929065105,8,500만미만
2021Q4,보이스,20190815,18692,45023,1421580,39,4.242656722041524,9,500만미만
2021Q4,장르만 로맨스,20191243,15388,48232,518361,30,3.4927242477410103,10,500만미만
2022Q1,스파이더맨: 노 웨이 홈,20210028,49385,130039,7545831,70,11.58483661357292,1,500만+
2022Q1,더 배트맨,20212973,37748,94194,884123,32,8.855004808932886,2,500만미만
2022Q1,해적: 도깨비 깃발,20201965,35335,116755,1331598,47,8.288958220929414,3,500만미만
2022Q1,씽2게더,20218764,31422,70516,877349,50,7.371038494921297,4,500만미만
2022Q1,킹메이커,20188441,26387,79356,780819,42,6.1899176616857075,5,500만미만
2022Q1,언차티드,20211200,26159,76679,730046,35,6.136432944709001,6,500만미만
2022Q1,극장판 주술회전 0,20223278,23813,58103,551219,45,5.586103356869736,7,500만미만
2022Q1,이상한 나라의 수학자,20190299,20302,65703,487690,28,4.7624856318468645,8,500만미만
2022Q1,경관의 피,20199882,18364,56349,681379,27,4.307865537544863,9,500만미만
2022Q1,특송,20192354,14972,47290,439188,29,3.5121630814703604,10,500만미만
2022Q2,범죄도시2,20204548,71185,334204,12216602,48,16.844812857761486,1,1000만+
2022Q2,닥터 스트레인지: 대혼돈의 멀티버스,20212855,48993,210811,5882489,47,11.59342440598874,2,500만+
2022Q2,신비한 동물들과 덤블도어의 비밀,20212725,35129,105700,1195322,39,8.312726429448666,3,500만미만
2022Q2,쥬라기 월드: 도미니언,20206061,24622,85859,2822567,30,5.82640980801859,4,500만미만
2022Q2,마녀(魔女) Part2. The Other One,20224882,20167,77266,2425318,17,4.772203988234542,5,500만미만
2022Q2,브로커,20206257,18929,64836,1235999,25,4.479250721143038,6,500만미만
2022Q2,모비우스,20204431,17833,56197,475928,22,4.219899525074954,7,500만미만
2022Q2,탑건: 매버릭,20194376,16538,72578,2183766,15,3.913458102713486,8,500만+
2022Q2,니 부모 얼굴이 보고 싶다,20178501,13637,38434,416053,32,3.2269819897632,9,500만미만
2022Q2,수퍼 소닉2,20212618,12952,26347,313089,29,3.0648874922206475,10,500만미만
2022Q3,탑건: 매버릭,20194376,56594,175178,8156312,78,11.441660550996602,1,500만+
2022Q3,한산: 용의 출현,20209343,56026,216524,7252467,58,11.32682747340947,2,500만+
2022Q3,헌트,20211792,45697,170182,4346803,53,9.2386041311604,3,500만미만
2022Q3,공조2: 인터내셔날,20215601,45168,198245,5838864,28,9.131655719111823,4,500만+
2022Q3,육사오(6/45),20217826,31977,104239,1951111,42,6.46481922887971,5,500만미만
2022Q3,미니언즈2,20205362,28983,77900,2263349,43,5.859519520612335,6,500만미만
2022Q3,헤어질 결심,20209654,27788,65795,1863289,57,5.617925281674622,7,500만미만
2022Q3,토르: 러브 앤 썬더,20224662,26515,107333,2711862,29,5.360561711659803,8,500만미만
2022Q3,비상선언,20196410,21714,71668,2052396,31,4.389939166772806,9,500만미만
2022Q3,외계+인 1부,20208446,20792,67578,1525151,28,4.2035375866049645,10,500만미만
2022Q4,아바타: 물의 길,20225061,43205,152624,7313149,18,9.029503413885854,1,1000만+
2022Q4,올빼미,20227762,40955,142119,3222767,43,8.559271202770399,2,500만미만
2022Q4,블랙 팬서: 와칸다 포에버,20226254,37893,120964,2102015,33,7.919337411465724,3,500만미만
2022Q4,인생은 아름다워,20198317,32806,91092,1163584,53,6.85619463015714,4,500만미만
2022Q4,공조2: 인터내셔날,20215601,27261,77012,6979189,40,5.697333469874835,5,500만+
2022Q4,극장판 짱구는 못말려: 수수께끼! 꽃피는 천하떡잎학교,20226777,23723,38547,827170,52,4.957919441907513,6,500만미만
2022Q4,자백,20198429,23314,77412,732280,29,4.872441675531414,7,500만미만
2022Q4,블랙 아담,20226886,22205,76618,777888,27,4.640669443474954,8,500만미만
2022Q4,정직한 후보2,20219628,19288,58188,897345,29,4.031039505775497,9,500만미만
2022Q4,데시벨,20217905,17451,53610,895908,29,3.6471210294114575,10,500만미만
2023Q1,더 퍼스트 슬램덩크,20228555,69993,208514,4330205,87,14.502323711805865,1,500만미만
2023Q1,아바타: 물의 길,20225061,49495,127821,10779111,59,10.255204264938369,2,1000만+
2023Q1,영웅,20196478,35141,85364,3235712,52,7.281101789558527,3,500만미만
2023Q1,스즈메의 문단속,20226270,32667,125677,3288582,28,6.768496973891135,4,500만+
2023Q1,앤트맨과 와스프: 퀀텀매니아,20230209,28059,103412,1544233,27,5.813734245275396,5,500만미만
2023Q1,교섭,20190808,24945,90631,1709074,29,5.168523495078041,6,500만미만
2023Q1,장화신은 고양이: 끝내주는 모험,20224109,18868,39828,823213,33,3.909388707361494,7,500만미만
2023Q1,유령,20214823,17998,45257,653094,29,3.729127515109824,8,500만미만
2023Q1,대외비,20208962,15941,52186,747662,22,3.302923753659613,9,500만미만
2023Q1,서치 2,20239573,13295,35653,403997,24,2.754681093087294,10,500만미만
2023Q2,범죄도시3,20226411,53225,268886,9969400,38,11.240475426177161,1,1000만+
2023Q2,가디언즈 오브 갤럭시: Volume 3,20231496,49201,153390,4204834,55,10.390655358259137,2,500만미만
2023Q2,스즈메의 문단속,20226270,43772,115675,5535427,71,9.244116305394584,3,500만+
2023Q2,존 윅 4,20231089,35941,88867,1916688,44,7.590303941610772,4,500만미만
2023Q2,슈퍼 마리오 브라더스,20227890,31658,94046,2387766,47,6.685786210275559,5,500만미만
2023Q2,분노의 질주: 라이드 오어 다이,20231592,28179,92619,1771324,32,5.9510635422122355,6,500만미만
2023Q2,드림,20198482,20801,61274,1121631,36,4.392919292436095,7,500만미만
2023Q2,리바운드,20226489,20212,56163,687466,37,4.268529625437159,8,500만미만
2023Q2,엘리멘탈,20228930,18084,62630,1692554,19,3.819121796279714,9,500만+
2023Q2,극장판 짱구는 못말려: 동물소환 닌자 배꼽수비대,20231348,15719,28091,727223,37,3.319662437277197,10,500만미만
2023Q3,엘리멘탈,20228930,60960,181727,7205607,76,11.800415027720135,1,500만+
2023Q3,밀수,20218541,48798,165124,5123219,56,9.446139313036205,2,500만+
2023Q3,콘크리트 유토피아,20204264,44873,150500,3845091,51,8.68635209217332,3,500만미만
2023Q3,오펜하이머,20226431,44108,130228,3202310,47,8.538266175240809,4,500만미만
2023Q3,미션 임파서블: 데드 레코닝 PART ONE,20232631,42233,136799,4015548,46,8.175310496484652,5,500만미만
2023Q3,달짝지근해: 7510,20226500,31555,85911,1377749,44,6.108302103013597,6,500만미만
2023Q3,잠,20224667,24428,99696,1417547,28,4.728683371016198,7,500만미만
2023Q3,비공식작전,20193879,14720,44005,1054518,32,2.8494440486883263,8,500만미만
2023Q3,범죄도시3,20226411,14402,42016,10675973,23,2.7878867655712827,9,1000만+
2023Q3,타겟,20233014,14215,41731,419065,21,2.7516879858766687,10,500만미만
2023Q4,서울의 봄,20212866,79005,292279,11854779,43,16.09040196982935,1,1000만+
2023Q4,30일,20228819,40659,129377,2163199,53,8.280737341830157,2,500만미만
2023Q4,그대들은 어떻게 살 것인가,20234664,35962,117910,1996953,46,7.324131835187686,3,500만미만
2023Q4,노량: 죽음의 바다,20203702,23237,81633,3438133,16,4.73251908832257,4,500만미만
2023Q4,천박사 퇴마 연구소: 설경의 비밀,20227410,20107,69060,1909031,25,4.095053634673232,5,500만미만
2023Q4,더 마블스,20235034,19479,66561,686000,22,3.967153217774899,6,500만미만
2023Q4,1947 보스톤,20197122,16423,40993,1012420,33,3.344758832358805,7,500만미만
2023Q4,소년들,20200622,15786,42199,462096,24,3.215025447702375,8,500만미만
2023Q4,프레디의 피자가게,20235030,15169,34215,709645,29,3.0893653247306045,9,500만미만
2023Q4,싱글 인 서울,20202247,13452,32156,390229,26,2.7396758091025175,10,500만미만
2024Q1,파묘,20234675,73860,284415,10957291,40,14.6227311603155,1,1000만+
2024Q1,웡카,20236180,47701,151113,3526209,58,9.443797712946244,2,500만미만
2024Q1,서울의 봄,20212866,31916,80623,13119454,41,6.318698723431214,3,1000만+
2024Q1,시민덕희,20206946,30949,95944,1700015,39,6.127253001362096,4,500만미만
2024Q1,듄: 파트2,20236295,29492,75763,1886023,34,5.838797554563021,5,500만미만
2024Q1,위시,20235834,29315,87544,1391091,35,5.8037552662422,6,500만미만
2024Q1,외계+인 2부,20235253,28889,96975,1417030,30,5.719416199436155,7,500만미만
2024Q1,노량: 죽음의 바다,20203702,28730,72225,4560367,31,5.687937533656435,8,500만미만
2024Q1,건국전쟁,20247074,22217,47463,1169975,46,4.398500110868256,9,500만미만
2024Q1,인투 더 월드,20235583,13947,25880,334938,27,2.7612135322626625,10,500만미만
2024Q2,범죄도시4,20228797,83773,374538,11495435,72,17.41197157483637,1,1000만+
2024Q2,인사이드 아웃 2,20235974,38869,191537,5638833,19,8.0788072904434,2,500만+
2024Q2,쿵푸팬더4,20236614,32509,102794,1766417,38,6.756900002702011,3,500만미만
2024Q2,퓨리오사: 매드맥스 사가,20236653,32376,92938,1598438,41,6.729256344011822,4,500만미만
2024Q2,파묘,20234675,29105,79203,11902097,44,6.04938861787942,5,1000만+
2024Q2,그녀가 죽었다,20203557,27836,75238,1230657,45,5.785630701504605,6,500만미만
2024Q2,혹성탈출: 새로운 시대,20247783,20796,52739,901098,29,4.322387414444955,7,500만미만
2024Q2,극장판 하이큐!! 쓰레기장의 결전,20249507,17424,40029,698951,36,3.621527135472634,8,500만미만
2024Q2,댓글부대,20231041,16495,43127,970344,24,3.42843721875695,9,500만미만
2024Q2,남은 인생 10년,20231677,14375,24920,557775,52,2.9878014561764874,10,500만미만
2024Q3,파일럿,20224666,52555,200978,4702206,58,10.211219031668282,1,500만미만
2024Q3,베테랑2,20239670,42798,200560,6489383,21,8.315474305343718,2,500만+
2024Q3,인사이드 아웃 2,20235974,42209,137420,8760451,51,8.201034042577996,3,500만+
2024Q3,에이리언: 로물루스,20249188,36509,107537,1998630,48,7.093547628716151,4,500만미만
2024Q3,탈주,20212932,35251,120078,2554562,42,6.849123434218221,5,500만미만
2024Q3,데드풀과 울버린,20247781,26611,93220,1962077,28,5.1704071858381635,6,500만미만
2024Q3,핸섬가이즈,20208245,25064,74662,1767644,37,4.869831487198817,7,500만미만
2024Q3,사랑의 하츄핑,20249733,25058,48842,1146486,48,4.86866571202633,8,500만미만
2024Q3,슈퍼배드 4,20247440,24628,70993,1539379,32,4.78511849133149,9,500만미만
2024Q3,빅토리,20231042,17512,34344,503486,35,3.402509136762914,10,500만미만
2024Q4,모아나 2,20240737,39458,126582,3372815,36,7.997389467881131,1,500만미만
2024Q4,위키드,20247693,38718,95247,2059163,42,7.847405479685277,2,500만미만
2024Q4,소방관,20200142,34003,119776,3317296,31,6.891764257599527,3,500만미만
2024Q4,베놈: 라스트 댄스,20240941,33536,118250,1759962,37,6.797112200184034,4,500만미만
2024Q4,대도시의 사랑법,20232949,30076,74712,875383,47,6.095835714835848,5,500만미만
2024Q4,베테랑2,20239670,25356,76805,7514196,30,5.139181087424451,6,500만+
2024Q4,글래디에이터 Ⅱ,20242248,22818,62566,901333,30,4.6247765441256945,7,500만미만
2024Q4,히든페이스,20225184,22307,56355,1005171,35,4.521206519844504,8,500만미만
2024Q4,청설,20233261,21664,61881,795135,34,4.390882594966214,9,500만미만
2024Q4,와일드 로봇,20248492,21575,45537,679109,40,4.372843980169685,10,500만미만
2025Q1,미키 17,20244821,43676,149965,2966824,32,9.275044701825024,1,500만미만
2025Q1,하얼빈,20228796,37796,124620,4900863,42,8.026366644156484,2,500만미만
2025Q1,히트맨2,20233006,35454,117175,2535747,35,7.529019023227961,3,500만미만
2025Q1,캡틴 아메리카: 브레이브 뉴 월드,20242404,33277,118635,1652658,32,7.066710837591156,4,500만미만
2025Q1,검은 수녀들,20247450,24751,82778,1657383,29,5.256127653971773,5,500만미만
2025Q1,퇴마록,20240614,23265,45928,490404,36,4.940560376132411,6,500만미만
2025Q1,말할 수 없는 비밀,20223819,22567,62586,811097,32,4.792332946837744,7,500만미만
2025Q1,소방관,20200142,16647,41321,3836189,25,3.5351604806136363,8,500만미만
2025Q1,뽀로로 극장판 바닷속 대모험,20246361,15163,23062,405269,36,3.2200179232020525,9,500만미만
2025Q1,서브스턴스,20244762,13443,19421,552214,51,2.8547583553126152,10,500만미만
2025Q2,야당,20232394,53425,182847,3370806,53,11.690960376561621,1,500만미만
2025Q2,미션 임파서블: 파이널 레코닝,20246489,52541,147970,3360001,46,11.497515192230681,2,500만미만
2025Q2,하이파이브,20211791,31111,97014,1849352,36,6.808001277963662,3,500만미만
2025Q2,승부,20203863,30350,105520,2127984,32,6.641472109099583,4,500만미만
2025Q2,드래곤 길들이기,20247176,26008,78569,1547247,25,5.691314880179965,5,500만미만
2025Q2,A MINECRAFT MOVIE 마인크래프트 무비,20253280,21423,54853,1355645,31,4.687982108508743,6,500만미만
2025Q2,썬더볼츠＊,20244883,20184,56848,917148,28,4.416852489293772,7,500만미만
2025Q2,파과,20240398,18433,36316,543979,31,4.033682220330563,8,500만미만
2025Q2,신명,20254722,17040,36778,752149,30,3.7288528744335054,9,500만미만
2025Q2,거룩한 밤: 데몬 헌터스,20218800,14774,38973,772903,21,3.2329854675399416,10,500만미만
2025Q3,F1 더 무비,20254501,68392,162871,5149315,92,13.381255832973002,1,500만+
2025Q3,극장판 귀멸의 칼날: 무한성편,20253289,54438,172772,5026661,43,10.65108207151983,2,500만+
2025Q3,좀비딸,20241941,52909,187483,5625731,61,10.351925150116513,3,500만+
2025Q3,쥬라기 월드: 새로운 시작,20252527,28951,86276,2194112,29,5.664415978775315,4,500만미만
2025Q3,킹 오브 킹스,20254275,26794,51280,1302526,46,5.242387542237084,5,500만미만
2025Q3,노이즈,20233220,23625,61200,1699845,36,4.622355963475073,6,500만미만
2025Q3,얼굴,20242964,18039,53478,932524,20,3.529425575666744,7,500만미만
2025Q3,전지적 독자 시점,20233227,17401,50996,1051966,23,3.4045975077430577,8,500만미만
2025Q3,슈퍼맨,20249729,16171,43627,851220,21,3.1639415147240375,9,500만미만
2025Q3,명탐정 코난: 척안의 잔상,20254824,16102,34977,711060,31,3.1504413004815075,10,500만미만
2025Q4,주토피아 2,20252432,58274,225611,7705705,36,11.918703942699246,1,500만+
2025Q4,극장판 체인소 맨: 레제편,20256757,47834,141178,3426514,73,9.783424587210005,2,500만미만
2025Q4,아바타: 불과 재,20256396,32602,102295,4569538,15,6.668043826404242,3,500만+
2025Q4,어쩔수가없다,20243561,28644,77307,2925401,35,5.858519335118187,4,500만미만
2025Q4,보스,20228988,27074,95552,2424803,32,5.537409317099211,5,500만미만
2025Q4,나우 유 씨 미 3,20258383,25382,75326,1367031,35,5.191346800864747,6,500만미만
2025Q4,위키드: 포 굿,20255381,24339,60983,964710,40,4.97802339398972,7,500만미만
2025Q4,극장판 귀멸의 칼날: 무한성편,20253289,21118,29227,5664530,54,4.319236535366076,8,500만+
2025Q4,퍼스트 라이드,20253852,20284,59026,737835,34,4.1486596213356135,9,500만미만
2025Q4,8번 출구,20257570,16472,37914,441742,30,3.368996316438583,10,500만미만
2026Q1,왕과 사는 남자,20242837,99472,410440,15731812,57,21.754211007448816,1,1000만+
2026Q1,만약에 우리,20249255,41441,127002,2594460,55,9.063015304404116,2,500만미만
2026Q1,아바타: 불과 재,20256396,38640,95553,6731026,41,8.450445485441351,3,500만+
2026Q1,신의악단,20247457,36543,68592,1438794,75,7.991838234329279,4,500만미만
2026Q1,휴민트,20241266,29126,89915,1979498,38,6.369763851163686,5,500만미만
2026Q1,주토피아 2,20252432,21800,47450,8604180,38,4.76759087946743,6,500만+
2026Q1,호퍼스,20256283,18431,42868,712810,30,4.030801261443311,7,500만미만
2026Q1,프로젝트 헤일메리,20261782,18326,53403,1234721,14,4.007838094363308,8,500만미만
2026Q1,"오늘 밤, 세계에서 이 사랑이 사라진다 해도",20228313 / 20254219,12930,22984,1268560,32,2.8277500032804523,9,500만미만
2026Q1,"신비아파트 10주년 극장판: 한 번 더, 소환",20250482,11242,18714,319083,21,2.4585897553657268,10,500만미만
2026Q2,살목지,20254121,50071,161633,3230647,50,17.68868257803779,1,500만미만
2026Q2,프로젝트 헤일메리,20261782,40153,92444,2883508,54,14.184930829341361,2,500만미만
2026Q2,왕과 사는 남자,20242837,33479,89545,16883801,53,11.827193465880988,3,1000만+
2026Q2,악마는 프라다를 입는다 2,20259791,26789,87865,1558581,28,9.46380375033561,4,500만미만
2026Q2,슈퍼 마리오 갤럭시,20259773,24410,70595,1576909,27,8.62336964969548,5,500만미만
2026Q2,마이클,20259626,17623,60915,1184600,16,6.225712549634717,6,500만미만
2026Q2,짱구,20240532,14062,26352,407792,29,4.967710938714372,7,500만미만
2026Q2,군체,20252402,10349,44851,2018610,8,3.65601198298642,8,500만미만
2026Q2,내 이름은,20247648,10158,18811,206709,30,3.588537029971597,9,500만미만
2026Q2,란 12.3,20262685,9028,18513,234543,21,3.1893396639676683,10,500만미만
