date,movie_count_over_threshold,max_single_share,top_movie,year
2020-02-03,1,30.57149414734909,남산의 부장들,2020
2020-02-04,1,30.581961511708787,남산의 부장들,2020
2020-06-04,1,37.74330900243309,침입자,2020
2020-06-05,1,38.48714069591528,침입자,2020
2020-06-06,1,35.44533887301999,침입자,2020
2020-06-07,1,36.80499050718741,침입자,2020
2020-06-08,1,43.14416637292915,침입자,2020
2020-06-09,1,43.65248226950354,침입자,2020
2020-06-15,1,31.79955877718248,결백,2020
2020-06-16,1,30.510018214936245,결백,2020
2020-06-24,1,40.62576387191395,#살아있다,2020
2020-06-25,1,40.39980256663377,#살아있다,2020
2020-06-26,1,39.16323731138546,#살아있다,2020
2020-06-27,1,40.78006500541712,#살아있다,2020
2020-06-28,1,40.81677222100896,#살아있다,2020
2020-06-29,1,41.37931034482759,#살아있다,2020
2020-06-30,1,40.57863501483679,#살아있다,2020
2020-07-01,1,35.668316831683164,#살아있다,2020
2020-07-02,1,36.3235675395385,#살아있다,2020
2020-07-03,1,35.27112848070347,#살아있다,2020
2020-07-04,1,33.82682817406909,#살아있다,2020
2020-07-05,1,34.128607134742104,#살아있다,2020
2020-07-06,1,34.87273681448439,#살아있다,2020
2020-07-07,1,35.15394912985275,#살아있다,2020
2020-07-15,1,61.737523105360445,반도,2020
2020-07-16,1,60.78886310904872,반도,2020
2020-07-17,1,60.264900662251655,반도,2020
2020-07-18,1,60.276217228464425,반도,2020
2020-07-19,1,59.14804469273744,반도,2020
2020-07-20,1,57.85293364078914,반도,2020
2020-07-21,1,57.660878447395305,반도,2020
2020-07-22,1,47.38124238733252,반도,2020
2020-07-23,1,47.38136218342759,반도,2020
2020-07-24,1,47.933480068476406,반도,2020
2020-07-25,1,47.2478094810155,반도,2020
2020-07-26,1,47.21341187131853,반도,2020
2020-07-27,1,48.54643684075122,반도,2020
2020-07-28,1,49.560269011898605,반도,2020
2020-07-29,1,50.89306977851869,강철비2: 정상회담,2020
2020-07-30,1,52.50699923644694,강철비2: 정상회담,2020
2020-07-31,1,49.7383444338725,강철비2: 정상회담,2020
2020-08-01,1,48.13811780636425,강철비2: 정상회담,2020
2020-08-02,1,48.209366391184574,강철비2: 정상회담,2020
2020-08-03,1,47.66788766788767,강철비2: 정상회담,2020
2020-08-04,1,47.48412310698584,강철비2: 정상회담,2020
2020-08-05,1,41.35524538496173,다만 악에서 구하소서,2020
2020-08-06,1,42.03420342034204,다만 악에서 구하소서,2020
2020-08-07,1,42.04845814977974,다만 악에서 구하소서,2020
2020-08-08,1,42.70143192989956,다만 악에서 구하소서,2020
2020-08-09,1,42.89400129004515,다만 악에서 구하소서,2020
2020-08-10,1,43.36448598130841,다만 악에서 구하소서,2020
2020-08-11,1,43.154968728283535,다만 악에서 구하소서,2020
2020-08-12,1,32.340972370957374,다만 악에서 구하소서,2020
2020-08-13,1,30.958281701776123,다만 악에서 구하소서,2020
2020-08-14,1,31.750560423884245,다만 악에서 구하소서,2020
2020-08-15,1,31.42071133818039,다만 악에서 구하소서,2020
2020-08-16,1,31.99920744997028,다만 악에서 구하소서,2020
2020-08-17,1,30.59120964605212,다만 악에서 구하소서,2020
2020-08-18,1,33.280363223609534,다만 악에서 구하소서,2020
2020-08-19,1,32.275379229871646,다만 악에서 구하소서,2020
2020-08-20,1,30.44762553965008,다만 악에서 구하소서,2020
2020-08-21,1,30.174340634778723,다만 악에서 구하소서,2020
2020-08-24,1,31.072477962781587,다만 악에서 구하소서,2020
2020-08-25,1,31.950729009552536,다만 악에서 구하소서,2020
2020-08-26,1,51.88635305076852,테넷,2020
2020-08-27,1,51.985731272294885,테넷,2020
2020-08-28,1,51.48746779105176,테넷,2020
2020-08-29,1,51.921274601686974,테넷,2020
2020-08-30,1,51.80921052631579,테넷,2020
2020-08-31,1,51.00771336153272,테넷,2020
2020-09-01,1,51.71706817016914,테넷,2020
2020-09-02,1,36.38620004964011,테넷,2020
2020-09-03,1,36.54558932542624,테넷,2020
2020-09-04,1,36.66502946954813,테넷,2020
2020-09-05,1,35.91581868640148,테넷,2020
2020-09-06,1,35.978589713753784,테넷,2020
2020-09-07,1,38.05562776189239,테넷,2020
2020-09-08,1,38.2912216723105,테넷,2020
2020-09-09,1,34.87903225806452,테넷,2020
2020-09-11,1,30.144360166381208,테넷,2020
2020-09-13,1,30.54461181923522,테넷,2020
2020-09-14,1,33.82838283828383,테넷,2020
2020-09-15,1,32.91710945802338,테넷,2020
2020-09-16,1,34.339422822345774,테넷,2020
2020-09-17,1,39.53229398663697,뮬란,2020
2020-09-18,1,37.56318169725992,뮬란,2020
2020-09-19,1,37.42412245975191,뮬란,2020
2020-09-20,1,37.46645195920559,뮬란,2020
2020-09-21,1,34.95337666007347,뮬란,2020
2020-09-22,1,35.69753810082063,뮬란,2020
2020-10-21,1,43.495825478050094,삼진그룹 영어토익반,2020
2020-10-22,1,44.23667317890037,삼진그룹 영어토익반,2020
2020-10-23,1,41.33889033602501,삼진그룹 영어토익반,2020
2020-10-24,1,40.37251447269066,삼진그룹 영어토익반,2020
2020-10-25,1,40.45605944145529,삼진그룹 영어토익반,2020
2020-10-26,1,42.00926462072959,삼진그룹 영어토익반,2020
2020-10-27,1,41.06600386633527,삼진그룹 영어토익반,2020
2020-10-28,1,33.420551855375834,삼진그룹 영어토익반,2020
2020-10-29,1,34.74470734744708,삼진그룹 영어토익반,2020
2020-10-30,1,33.94559404789584,삼진그룹 영어토익반,2020
2020-10-31,1,34.60693895476504,삼진그룹 영어토익반,2020
2020-11-01,1,33.24958123953099,삼진그룹 영어토익반,2020
2020-11-02,1,36.78690202097723,삼진그룹 영어토익반,2020
2020-11-03,1,36.44859813084112,삼진그룹 영어토익반,2020
2020-11-04,1,44.27244582043344,도굴,2020
2020-11-05,1,43.941484957217774,도굴,2020
2020-11-06,1,43.67567567567568,도굴,2020
2020-11-07,1,42.52275682704811,도굴,2020
2020-11-08,1,42.74789029535865,도굴,2020
2020-11-09,1,44.19279907084785,도굴,2020
2020-11-10,1,42.94410625345877,도굴,2020
2020-11-11,1,45.667870036101085,도굴,2020
2020-11-13,1,30.603107716618386,도굴,2020
2020-11-16,1,32.02516476932295,도굴,2020
2020-11-17,1,31.148960739030024,도굴,2020
2020-11-25,1,31.262183235867447,이웃사촌,2020
2020-11-26,1,33.18242343541944,이웃사촌,2020
2020-11-27,1,32.01641867624423,이웃사촌,2020
2020-11-28,1,31.72397550635893,이웃사촌,2020
2020-11-29,1,31.78638059701492,이웃사촌,2020
2020-11-30,1,31.66409861325116,이웃사촌,2020
2020-12-01,1,33.37961677311858,이웃사촌,2020
2020-12-07,1,30.58316766070245,이웃사촌,2020
2020-12-08,1,30.69641649763354,이웃사촌,2020
2020-12-09,1,32.24913494809689,이웃사촌,2020
2020-12-10,1,35.765673175745114,조제,2020
2020-12-11,1,32.8062015503876,조제,2020
2020-12-12,1,33.55150825270347,조제,2020
2020-12-13,1,33.11334289813486,조제,2020
2020-12-14,1,35.501066098081026,조제,2020
2020-12-15,1,35.245607744711364,조제,2020
2020-12-16,1,34.7700108656284,조제,2020
2020-12-17,1,30.730897009966775,조제,2020
2020-12-22,1,30.066271363794904,조제,2020
2020-12-23,1,57.78894472361809,원더 우먼 1984,2020
2020-12-24,1,51.95145168967158,원더 우먼 1984,2020
2020-12-25,1,46.965918536990856,원더 우먼 1984,2020
2020-12-26,1,48.26546003016591,원더 우먼 1984,2020
2020-12-27,1,50.01121327651939,원더 우먼 1984,2020
2020-12-28,1,48.66666666666667,원더 우먼 1984,2020
2020-12-29,1,47.12368168744008,원더 우먼 1984,2020
2020-12-30,1,43.85803180456326,원더 우먼 1984,2020
2020-12-31,1,46.88484848484848,원더 우먼 1984,2020
2021-01-01,1,44.66920514040933,원더 우먼 1984,2021
2021-01-02,1,44.72337314160371,원더 우먼 1984,2021
2021-01-03,1,45.0163193572684,원더 우먼 1984,2021
2021-01-04,1,45.85213467545991,원더 우먼 1984,2021
2021-01-05,1,46.2962962962963,원더 우먼 1984,2021
2021-01-06,1,39.52330131625756,원더 우먼 1984,2021
2021-01-07,1,39.01413832632786,원더 우먼 1984,2021
2021-01-08,1,37.64705882352941,원더 우먼 1984,2021
2021-01-09,1,34.96915311273135,원더 우먼 1984,2021
2021-01-10,1,34.68208092485549,원더 우먼 1984,2021
2021-01-11,1,33.82899628252788,원더 우먼 1984,2021
2021-01-12,1,33.5234215885947,원더 우먼 1984,2021
2021-01-13,1,33.915211970074814,원더 우먼 1984,2021
2021-01-20,1,52.54015077023927,소울,2021
2021-01-21,1,56.009698649116736,소울,2021
2021-01-22,1,56.28561850486088,소울,2021
2021-01-23,1,60.458107293550334,소울,2021
2021-01-24,1,59.72181118674163,소울,2021
2021-01-25,1,60.60283687943262,소울,2021
2021-01-26,1,58.59348198970841,소울,2021
2021-01-27,1,41.73006480698788,소울,2021
2021-01-28,1,37.97570850202429,소울,2021
2021-01-29,1,38.47980997624703,소울,2021
2021-01-30,1,40.71550255536627,소울,2021
2021-01-31,1,41.71824709086408,소울,2021
2021-02-01,1,41.97240974464338,소울,2021
2021-02-02,1,41.85573007562537,소울,2021
2021-02-03,1,32.03252032520325,소울,2021
2021-02-06,1,31.39399581103095,소울,2021
2021-02-07,1,32.579723940980486,소울,2021
2021-02-08,1,31.729957805907173,소울,2021
2021-02-09,1,31.48760330578512,소울,2021
2021-03-25,1,33.63189829529038,고질라 VS. 콩,2021
2021-03-26,1,31.984021304926763,고질라 VS. 콩,2021
2021-03-29,1,33.032333236236525,고질라 VS. 콩,2021
2021-03-30,1,34.27551324010711,고질라 VS. 콩,2021
2021-04-15,1,34.62791280380857,서복,2021
2021-05-19,1,45.07741167129814,분노의 질주: 더 얼티메이트,2021
2021-05-20,1,52.55383074611918,분노의 질주: 더 얼티메이트,2021
2021-05-21,1,50.17421602787456,분노의 질주: 더 얼티메이트,2021
2021-05-22,1,47.63583575279967,분노의 질주: 더 얼티메이트,2021
2021-05-23,1,46.84925864909391,분노의 질주: 더 얼티메이트,2021
2021-05-24,1,52.40061951471348,분노의 질주: 더 얼티메이트,2021
2021-05-25,1,52.80927835051546,분노의 질주: 더 얼티메이트,2021
2021-05-26,1,37.51101321585903,분노의 질주: 더 얼티메이트,2021
2021-05-27,1,35.265822784810126,분노의 질주: 더 얼티메이트,2021
2021-05-28,1,35.22922284873744,분노의 질주: 더 얼티메이트,2021
2021-05-29,1,32.0847602739726,분노의 질주: 더 얼티메이트,2021
2021-05-30,1,31.779114740008595,분노의 질주: 더 얼티메이트,2021
2021-05-31,1,34.99734466277217,분노의 질주: 더 얼티메이트,2021
2021-06-01,1,33.86311202255832,분노의 질주: 더 얼티메이트,2021
2021-06-02,1,34.162605796358044,분노의 질주: 더 얼티메이트,2021
2021-07-07,1,38.4735445606368,블랙 위도우,2021
2021-07-08,1,53.76391982182628,블랙 위도우,2021
2021-07-09,1,54.2031523642732,블랙 위도우,2021
2021-07-10,1,51.51823925005095,블랙 위도우,2021
2021-07-11,1,48.31916537867079,블랙 위도우,2021
2021-07-12,1,55.23311132254995,블랙 위도우,2021
2021-07-13,1,53.43511450381679,블랙 위도우,2021
2021-07-14,1,32.272917538719135,블랙 위도우,2021
2021-07-20,1,30.00621246634914,블랙 위도우,2021
2021-07-28,1,31.958561376075057,모가디슈,2021
2021-07-29,1,34.35323907997468,모가디슈,2021
2021-07-30,1,32.726905195067715,모가디슈,2021
2021-07-31,1,32.55454720988608,모가디슈,2021
2021-08-01,1,32.213740458015266,모가디슈,2021
2021-08-02,1,34.300232902816006,모가디슈,2021
2021-08-03,1,33.916938110749186,모가디슈,2021
2021-08-04,1,30.557677616501145,모가디슈,2021
2021-08-09,1,30.6286836935167,모가디슈,2021
2021-08-10,1,30.58205178119525,모가디슈,2021
2021-08-13,1,30.972164520149565,싱크홀,2021
2021-08-14,1,31.37724550898204,싱크홀,2021
2021-08-15,1,31.548907695335565,싱크홀,2021
2021-08-16,1,31.71806167400881,싱크홀,2021
2021-08-17,1,33.101748095024654,싱크홀,2021
2021-09-01,1,33.454080545493284,샹치와 텐 링즈의 전설,2021
2021-09-02,1,34.20447417938532,샹치와 텐 링즈의 전설,2021
2021-09-03,1,34.31233542637229,샹치와 텐 링즈의 전설,2021
2021-09-04,1,34.28132205995389,샹치와 텐 링즈의 전설,2021
2021-09-05,1,34.14351851851852,샹치와 텐 링즈의 전설,2021
2021-09-06,1,35.89509692132269,샹치와 텐 링즈의 전설,2021
2021-09-07,1,35.527199462726664,샹치와 텐 링즈의 전설,2021
2021-09-08,1,31.990418118466906,샹치와 텐 링즈의 전설,2021
2021-09-09,1,32.605304212168484,샹치와 텐 링즈의 전설,2021
2021-09-10,1,32.07912276929692,샹치와 텐 링즈의 전설,2021
2021-09-11,1,32.096366815620755,샹치와 텐 링즈의 전설,2021
2021-09-12,1,31.751259201859742,샹치와 텐 링즈의 전설,2021
2021-09-13,1,32.790960451977405,샹치와 텐 링즈의 전설,2021
2021-09-14,1,32.64472190692395,샹치와 텐 링즈의 전설,2021
2021-09-29,1,35.4376830458835,007 노 타임 투 다이,2021
2021-09-30,1,42.79809878073982,007 노 타임 투 다이,2021
2021-10-01,1,41.70483967337184,007 노 타임 투 다이,2021
2021-10-02,1,39.73641451525546,007 노 타임 투 다이,2021
2021-10-03,1,39.7005772005772,007 노 타임 투 다이,2021
2021-10-04,1,39.584093396570594,007 노 타임 투 다이,2021
2021-10-05,1,43.782209276271566,007 노 타임 투 다이,2021
2021-10-06,1,37.18571730403549,007 노 타임 투 다이,2021
2021-10-07,1,37.57415952537904,007 노 타임 투 다이,2021
2021-10-08,1,35.93028139437211,007 노 타임 투 다이,2021
2021-10-09,1,35.0,007 노 타임 투 다이,2021
2021-10-10,1,34.539732494099134,007 노 타임 투 다이,2021
2021-10-11,1,33.857648446716475,007 노 타임 투 다이,2021
2021-10-12,1,39.43130347257171,007 노 타임 투 다이,2021
2021-10-13,1,45.91520165460186,베놈 2: 렛 데어 비 카니지,2021
2021-10-14,1,43.63457276532874,베놈 2: 렛 데어 비 카니지,2021
2021-10-15,1,44.50096899224806,베놈 2: 렛 데어 비 카니지,2021
2021-10-16,1,43.29360780065005,베놈 2: 렛 데어 비 카니지,2021
2021-10-17,1,43.08291838060187,베놈 2: 렛 데어 비 카니지,2021
2021-10-18,1,48.16450455423682,베놈 2: 렛 데어 비 카니지,2021
2021-10-19,1,46.12584503380136,베놈 2: 렛 데어 비 카니지,2021
2021-10-20,2,32.62813522355507,듄,2021
2021-10-21,2,32.451499118165785,듄,2021
2021-10-22,2,31.98389147944044,듄,2021
2021-10-23,2,31.413195136535776,듄,2021
2021-10-24,2,31.62238325281804,듄,2021
2021-10-25,2,32.54605573925366,듄,2021
2021-10-26,2,32.54574936298356,듄,2021
2021-11-03,1,57.91956863626151,이터널스,2021
2021-11-04,1,55.81192860252503,이터널스,2021
2021-11-05,1,55.24416135881104,이터널스,2021
2021-11-06,1,52.00314218381775,이터널스,2021
2021-11-07,1,51.69206412032455,이터널스,2021
2021-11-08,1,56.30525825965565,이터널스,2021
2021-11-09,1,54.736842105263165,이터널스,2021
2021-11-10,1,41.722426073818255,이터널스,2021
2021-11-11,1,40.76759061833688,이터널스,2021
2021-11-12,1,39.565840671718206,이터널스,2021
2021-11-13,1,36.2321493958257,이터널스,2021
2021-11-14,1,36.937962435970405,이터널스,2021
2021-11-15,1,41.40292867264998,이터널스,2021
2021-11-16,1,41.1930483795209,이터널스,2021
2021-12-15,1,65.06469500924214,스파이더맨: 노 웨이 홈,2021
2021-12-16,1,62.51397897562067,스파이더맨: 노 웨이 홈,2021
2021-12-17,1,62.14872460008647,스파이더맨: 노 웨이 홈,2021
2021-12-18,1,62.03332630246783,스파이더맨: 노 웨이 홈,2021
2021-12-19,1,61.36552872606161,스파이더맨: 노 웨이 홈,2021
2021-12-20,1,65.56647940074907,스파이더맨: 노 웨이 홈,2021
2021-12-21,1,64.66956322890465,스파이더맨: 노 웨이 홈,2021
2021-12-22,1,42.68992932862191,스파이더맨: 노 웨이 홈,2021
2021-12-23,1,43.23965479088294,스파이더맨: 노 웨이 홈,2021
2021-12-24,1,46.17016762147252,스파이더맨: 노 웨이 홈,2021
2021-12-25,1,45.29423040061338,스파이더맨: 노 웨이 홈,2021
2021-12-26,1,46.319498825371966,스파이더맨: 노 웨이 홈,2021
2021-12-27,1,48.53007688828585,스파이더맨: 노 웨이 홈,2021
2021-12-28,1,47.44909130720386,스파이더맨: 노 웨이 홈,2021
2021-12-29,1,43.83179575198455,스파이더맨: 노 웨이 홈,2021
2021-12-30,1,44.46614583333333,스파이더맨: 노 웨이 홈,2021
2021-12-31,1,43.46555323590815,스파이더맨: 노 웨이 홈,2021
2022-01-01,1,43.79562043795621,스파이더맨: 노 웨이 홈,2022
2022-01-02,1,43.8450618535794,스파이더맨: 노 웨이 홈,2022
2022-01-03,1,47.3108043788672,스파이더맨: 노 웨이 홈,2022
2022-01-04,1,47.06160018881284,스파이더맨: 노 웨이 홈,2022
2022-01-26,1,35.66796368352789,해적: 도깨비 깃발,2022
2022-01-27,1,34.17669017005392,해적: 도깨비 깃발,2022
2022-01-28,1,33.40721337900464,해적: 도깨비 깃발,2022
2022-01-29,1,32.67648746891142,해적: 도깨비 깃발,2022
2022-01-30,1,32.48027708293246,해적: 도깨비 깃발,2022
2022-01-31,1,32.04954519063286,해적: 도깨비 깃발,2022
2022-02-01,1,32.327586206896555,해적: 도깨비 깃발,2022
2022-02-02,1,31.477963525835868,해적: 도깨비 깃발,2022
2022-02-03,1,34.727560479312686,해적: 도깨비 깃발,2022
2022-02-04,1,34.56595264937993,해적: 도깨비 깃발,2022
2022-02-05,1,32.113412427106375,해적: 도깨비 깃발,2022
2022-02-06,1,31.894821356884783,해적: 도깨비 깃발,2022
2022-02-07,1,35.20916334661355,해적: 도깨비 깃발,2022
2022-02-08,1,34.04974643805844,해적: 도깨비 깃발,2022
2022-02-16,1,36.8080517613228,언차티드,2022
2022-02-17,1,31.504922644163152,언차티드,2022
2022-02-18,1,31.341972325938944,언차티드,2022
2022-02-22,1,31.785127844241146,언차티드,2022
2022-03-01,1,44.57400789919127,더 배트맨,2022
2022-03-02,1,49.40711462450593,더 배트맨,2022
2022-03-03,1,49.75347377857463,더 배트맨,2022
2022-03-04,1,47.69001490312966,더 배트맨,2022
2022-03-05,1,44.15364338166071,더 배트맨,2022
2022-03-06,1,43.76662865830483,더 배트맨,2022
2022-03-07,1,48.04696860771627,더 배트맨,2022
2022-03-08,1,46.97663765460376,더 배트맨,2022
2022-03-10,1,30.97505668934241,더 배트맨,2022
2022-03-11,1,30.490956072351423,더 배트맨,2022
2022-03-14,1,32.04837490551776,더 배트맨,2022
2022-03-15,1,30.31113271754983,더 배트맨,2022
2022-03-30,1,38.36463037794153,모비우스,2022
2022-03-31,1,38.1468110709988,모비우스,2022
2022-04-01,1,37.793038124556006,모비우스,2022
2022-04-02,1,35.98557182261829,모비우스,2022
2022-04-03,1,36.00601891659501,모비우스,2022
2022-04-04,1,40.58774604934849,모비우스,2022
2022-04-05,1,39.17830290010741,모비우스,2022
2022-04-13,1,44.866576209859794,신비한 동물들과 덤블도어의 비밀,2022
2022-04-14,1,44.71380471380471,신비한 동물들과 덤블도어의 비밀,2022
2022-04-15,1,44.02475458813487,신비한 동물들과 덤블도어의 비밀,2022
2022-04-16,1,40.68952802359882,신비한 동물들과 덤블도어의 비밀,2022
2022-04-17,1,40.96114135535949,신비한 동물들과 덤블도어의 비밀,2022
2022-04-18,1,46.725750861644514,신비한 동물들과 덤블도어의 비밀,2022
2022-04-19,1,46.01941747572816,신비한 동물들과 덤블도어의 비밀,2022
2022-04-20,1,33.75427519073928,신비한 동물들과 덤블도어의 비밀,2022
2022-04-21,1,31.43285821455364,신비한 동물들과 덤블도어의 비밀,2022
2022-05-04,1,56.976497988566585,닥터 스트레인지: 대혼돈의 멀티버스,2022
2022-05-05,1,46.08117564730581,닥터 스트레인지: 대혼돈의 멀티버스,2022
2022-05-06,1,48.07127112417341,닥터 스트레인지: 대혼돈의 멀티버스,2022
2022-05-07,1,48.69581190301249,닥터 스트레인지: 대혼돈의 멀티버스,2022
2022-05-08,1,48.819921947593386,닥터 스트레인지: 대혼돈의 멀티버스,2022
2022-05-09,1,55.01661129568106,닥터 스트레인지: 대혼돈의 멀티버스,2022
2022-05-10,1,55.95773381294964,닥터 스트레인지: 대혼돈의 멀티버스,2022
2022-05-11,1,49.656946826758144,닥터 스트레인지: 대혼돈의 멀티버스,2022
2022-05-12,1,50.98944591029023,닥터 스트레인지: 대혼돈의 멀티버스,2022
2022-05-13,1,48.64141622066694,닥터 스트레인지: 대혼돈의 멀티버스,2022
2022-05-14,1,42.03167115902965,닥터 스트레인지: 대혼돈의 멀티버스,2022
2022-05-15,1,42.3563611491108,닥터 스트레인지: 대혼돈의 멀티버스,2022
2022-05-16,1,51.51653363740023,닥터 스트레인지: 대혼돈의 멀티버스,2022
2022-05-17,1,54.81695568400771,닥터 스트레인지: 대혼돈의 멀티버스,2022
2022-05-18,1,56.68449197860963,범죄도시2,2022
2022-05-19,1,59.26122774382142,범죄도시2,2022
2022-05-20,1,59.265734265734274,범죄도시2,2022
2022-05-21,1,56.4137308039747,범죄도시2,2022
2022-05-22,1,56.85649202733485,범죄도시2,2022
2022-05-23,1,61.11259695105643,범죄도시2,2022
2022-05-24,1,62.2743195904069,범죄도시2,2022
2022-05-25,1,56.79012345679012,범죄도시2,2022
2022-05-26,1,56.65236051502146,범죄도시2,2022
2022-05-27,1,55.96393897364771,범죄도시2,2022
2022-05-28,1,54.06390735577954,범죄도시2,2022
2022-05-29,1,53.61702127659574,범죄도시2,2022
2022-05-30,1,57.16711132670385,범죄도시2,2022
2022-05-31,1,59.05299313052012,범죄도시2,2022
2022-06-01,1,41.29584807298455,쥬라기 월드: 도미니언,2022
2022-06-02,1,46.21581513673945,쥬라기 월드: 도미니언,2022
2022-06-03,2,43.50806451612903,쥬라기 월드: 도미니언,2022
2022-06-04,2,37.26672950047125,쥬라기 월드: 도미니언,2022
2022-06-05,2,36.84012066365008,쥬라기 월드: 도미니언,2022
2022-06-06,2,36.38109873223204,쥬라기 월드: 도미니언,2022
2022-06-07,2,40.51959890610757,쥬라기 월드: 도미니언,2022
2022-06-08,1,38.04295942720764,브로커,2022
2022-06-09,2,37.20763723150358,브로커,2022
2022-06-10,2,34.961555857078245,브로커,2022
2022-06-11,2,32.02641353693768,범죄도시2,2022
2022-06-12,2,32.105701206824804,범죄도시2,2022
2022-06-13,2,35.39823008849557,범죄도시2,2022
2022-06-14,2,34.664380205781484,범죄도시2,2022
2022-06-15,1,32.21074380165289,마녀(魔女) Part2. The Other One,2022
2022-06-16,1,32.24472922695329,마녀(魔女) Part2. The Other One,2022
2022-06-17,1,32.360688956433634,마녀(魔女) Part2. The Other One,2022
2022-06-18,1,30.15446608462055,마녀(魔女) Part2. The Other One,2022
2022-06-20,1,35.26570048309179,마녀(魔女) Part2. The Other One,2022
2022-06-21,1,34.97103625831367,마녀(魔女) Part2. The Other One,2022
2022-06-22,1,41.9231585650605,탑건: 매버릭,2022
2022-06-23,1,39.3141457440294,탑건: 매버릭,2022
2022-06-24,1,39.419171405361496,탑건: 매버릭,2022
2022-06-25,1,35.390476190476186,탑건: 매버릭,2022
2022-06-26,1,35.291866028708135,탑건: 매버릭,2022
2022-06-27,1,37.94623182018511,탑건: 매버릭,2022
2022-06-28,1,37.79133086473535,탑건: 매버릭,2022
2022-07-01,1,30.574857864813644,탑건: 매버릭,2022
2022-07-02,1,31.2827479138366,탑건: 매버릭,2022
2022-07-03,1,31.673501269283346,탑건: 매버릭,2022
2022-07-04,1,32.69101501232355,탑건: 매버릭,2022
2022-07-05,1,33.557800224466895,탑건: 매버릭,2022
2022-07-06,1,42.97172648887106,토르: 러브 앤 썬더,2022
2022-07-07,1,41.723446893787575,토르: 러브 앤 썬더,2022
2022-07-08,1,40.02349716075974,토르: 러브 앤 썬더,2022
2022-07-09,1,36.001468698366075,토르: 러브 앤 썬더,2022
2022-07-10,1,35.09413269968928,토르: 러브 앤 썬더,2022
2022-07-11,1,36.41144299537232,토르: 러브 앤 썬더,2022
2022-07-12,1,35.74948665297741,토르: 러브 앤 썬더,2022
2022-07-20,1,36.07734806629834,외계+인 1부,2022
2022-07-21,1,32.174062018160015,외계+인 1부,2022
2022-07-22,1,30.63651591289782,외계+인 1부,2022
2022-07-27,1,41.935483870967744,한산: 용의 출현,2022
2022-07-28,1,36.53136531365313,한산: 용의 출현,2022
2022-07-29,1,35.07861890095639,한산: 용의 출현,2022
2022-07-30,1,33.93169181890389,한산: 용의 출현,2022
2022-07-31,1,33.92743475493316,한산: 용의 출현,2022
2022-08-01,1,34.61934156378601,한산: 용의 출현,2022
2022-08-02,1,34.86175510905032,한산: 용의 출현,2022
2022-09-07,1,47.64628244610647,공조2: 인터내셔날,2022
2022-09-08,1,43.65269461077844,공조2: 인터내셔날,2022
2022-09-09,1,38.57000663570007,공조2: 인터내셔날,2022
2022-09-10,1,39.77595719779301,공조2: 인터내셔날,2022
2022-09-11,1,41.04105823741625,공조2: 인터내셔날,2022
2022-09-12,1,38.62618218018915,공조2: 인터내셔날,2022
2022-09-13,1,43.01833568406206,공조2: 인터내셔날,2022
2022-09-14,1,45.86643762078592,공조2: 인터내셔날,2022
2022-09-15,1,47.17232202262142,공조2: 인터내셔날,2022
2022-09-16,1,45.71065452234696,공조2: 인터내셔날,2022
2022-09-17,1,44.03543307086614,공조2: 인터내셔날,2022
2022-09-18,1,44.813695871097686,공조2: 인터내셔날,2022
2022-09-19,1,52.85966238347191,공조2: 인터내셔날,2022
2022-09-20,1,52.64603095356964,공조2: 인터내셔날,2022
2022-09-21,1,38.425468904244816,공조2: 인터내셔날,2022
2022-09-22,1,37.280076081787925,공조2: 인터내셔날,2022
2022-09-23,1,35.528673835125446,공조2: 인터내셔날,2022
2022-09-24,1,31.14754098360656,공조2: 인터내셔날,2022
2022-09-25,1,30.153470526682945,공조2: 인터내셔날,2022
2022-09-26,1,40.26077700904737,공조2: 인터내셔날,2022
2022-09-27,1,37.64211566979733,공조2: 인터내셔날,2022
2022-10-19,1,31.04362005707297,블랙 아담,2022
2022-10-20,1,32.090831191088256,블랙 아담,2022
2022-10-24,1,30.13609850939728,블랙 아담,2022
2022-11-09,1,52.98845836768344,블랙 팬서: 와칸다 포에버,2022
2022-11-10,1,55.183727034120736,블랙 팬서: 와칸다 포에버,2022
2022-11-11,1,52.27600411946447,블랙 팬서: 와칸다 포에버,2022
2022-11-12,1,48.88931813791771,블랙 팬서: 와칸다 포에버,2022
2022-11-13,1,48.70406189555126,블랙 팬서: 와칸다 포에버,2022
2022-11-14,1,50.87450808919982,블랙 팬서: 와칸다 포에버,2022
2022-11-15,1,50.77888360017309,블랙 팬서: 와칸다 포에버,2022
2022-11-16,1,30.1499281166564,블랙 팬서: 와칸다 포에버,2022
2022-11-28,1,33.76623376623377,올빼미,2022
2022-11-29,1,34.189995410738874,올빼미,2022
2022-12-13,1,30.757737459978657,올빼미,2022
2022-12-14,1,56.653838363378576,아바타: 물의 길,2022
2022-12-15,1,56.75566343042071,아바타: 물의 길,2022
2022-12-16,1,55.45903257650543,아바타: 물의 길,2022
2022-12-17,1,51.830621301775146,아바타: 물의 길,2022
2022-12-18,1,51.83871569908531,아바타: 물의 길,2022
2022-12-19,1,56.8177028451001,아바타: 물의 길,2022
2022-12-20,1,56.11317637339942,아바타: 물의 길,2022
2022-12-21,1,44.02163028239535,아바타: 물의 길,2022
2022-12-22,1,41.84504641030498,아바타: 물의 길,2022
2022-12-23,1,42.277955874033566,아바타: 물의 길,2022
2022-12-24,1,36.98497333979641,아바타: 물의 길,2022
2022-12-25,1,36.42172523961661,아바타: 물의 길,2022
2022-12-26,1,39.77859778597786,아바타: 물의 길,2022
2022-12-27,1,39.7183607149305,아바타: 물의 길,2022
2022-12-28,1,37.10488505747127,아바타: 물의 길,2022
2022-12-29,1,37.88866132936138,아바타: 물의 길,2022
2022-12-30,1,37.33357322777977,아바타: 물의 길,2022
2022-12-31,1,32.53968253968254,아바타: 물의 길,2022
2023-01-01,1,32.668368975422915,아바타: 물의 길,2023
2023-01-02,1,36.61764705882353,아바타: 물의 길,2023
2023-01-03,1,36.49193548387097,아바타: 물의 길,2023
2023-02-15,1,40.030645470216434,앤트맨과 와스프: 퀀텀매니아,2023
2023-02-16,1,40.86499595796281,앤트맨과 와스프: 퀀텀매니아,2023
2023-02-17,1,38.21800947867299,앤트맨과 와스프: 퀀텀매니아,2023
2023-02-18,1,34.986666666666665,앤트맨과 와스프: 퀀텀매니아,2023
2023-02-19,1,34.8600962395295,앤트맨과 와스프: 퀀텀매니아,2023
2023-02-20,1,35.37565287263961,앤트맨과 와스프: 퀀텀매니아,2023
2023-02-21,1,34.6078431372549,앤트맨과 와스프: 퀀텀매니아,2023
2023-03-14,1,34.67741935483871,스즈메의 문단속,2023
2023-03-20,1,30.517647058823528,스즈메의 문단속,2023
2023-03-25,1,30.598626104023552,스즈메의 문단속,2023
2023-03-27,1,33.964646464646464,스즈메의 문단속,2023
2023-03-28,1,34.12977867203219,스즈메의 문단속,2023
2023-04-03,1,30.910374029640085,스즈메의 문단속,2023
2023-04-04,1,31.05633802816901,스즈메의 문단속,2023
2023-04-10,1,30.33405172413793,스즈메의 문단속,2023
2023-04-12,1,32.944480449341114,존 윅 4,2023
2023-04-13,1,34.481206392077425,존 윅 4,2023
2023-04-17,1,30.351715154146763,존 윅 4,2023
2023-04-24,1,30.151843817787416,존 윅 4,2023
2023-05-03,1,35.28953012283096,가디언즈 오브 갤럭시: Volume 3,2023
2023-05-04,1,30.39670273055126,가디언즈 오브 갤럭시: Volume 3,2023
2023-05-08,1,30.28221314519124,가디언즈 오브 갤럭시: Volume 3,2023
2023-05-09,1,30.818318318318315,가디언즈 오브 갤럭시: Volume 3,2023
2023-05-11,1,30.123139128836613,가디언즈 오브 갤럭시: Volume 3,2023
2023-05-15,1,30.496848350018546,가디언즈 오브 갤럭시: Volume 3,2023
2023-05-16,1,31.0677808727948,가디언즈 오브 갤럭시: Volume 3,2023
2023-05-17,1,33.15322269394056,분노의 질주: 라이드 오어 다이,2023
2023-05-18,1,33.47740667976424,분노의 질주: 라이드 오어 다이,2023
2023-05-19,1,32.162764771460424,분노의 질주: 라이드 오어 다이,2023
2023-05-20,1,30.04397537379068,분노의 질주: 라이드 오어 다이,2023
2023-05-22,1,33.66294971596886,분노의 질주: 라이드 오어 다이,2023
2023-05-23,1,33.01791826051943,분노의 질주: 라이드 오어 다이,2023
2023-05-31,1,45.928529584065615,범죄도시3,2023
2023-06-01,1,44.60658647209623,범죄도시3,2023
2023-06-02,1,45.07474128018398,범죄도시3,2023
2023-06-03,1,43.24958123953099,범죄도시3,2023
2023-06-04,1,43.017602682313495,범죄도시3,2023
2023-06-05,1,43.5016111707841,범죄도시3,2023
2023-06-06,1,41.93304331378854,범죄도시3,2023
2023-06-07,1,44.769427839453456,범죄도시3,2023
2023-06-08,1,46.058091286307054,범죄도시3,2023
2023-06-09,1,44.13233458177279,범죄도시3,2023
2023-06-10,1,41.58510842448666,범죄도시3,2023
2023-06-11,1,41.6569654637175,범죄도시3,2023
2023-06-12,1,45.356072827840514,범죄도시3,2023
2023-06-13,1,43.310896087505256,범죄도시3,2023
2023-07-12,1,46.8113714944295,미션 임파서블: 데드 레코닝 PART ONE,2023
2023-07-13,1,47.12328767123288,미션 임파서블: 데드 레코닝 PART ONE,2023
2023-07-14,1,44.94675882682608,미션 임파서블: 데드 레코닝 PART ONE,2023
2023-07-15,1,41.89630166787527,미션 임파서블: 데드 레코닝 PART ONE,2023
2023-07-16,1,41.55368266764383,미션 임파서블: 데드 레코닝 PART ONE,2023
2023-07-17,1,45.14603044014809,미션 임파서블: 데드 레코닝 PART ONE,2023
2023-07-18,1,44.759206798866856,미션 임파서블: 데드 레코닝 PART ONE,2023
2023-07-19,1,35.152456787725775,미션 임파서블: 데드 레코닝 PART ONE,2023
2023-07-26,1,32.78465976582386,밀수,2023
2023-07-27,1,33.05009736236502,밀수,2023
2023-07-28,1,32.535968105390886,밀수,2023
2023-07-29,1,30.480753345448537,밀수,2023
2023-07-31,1,31.24888967845088,밀수,2023
2023-08-01,1,30.134422324315125,밀수,2023
2023-10-25,1,37.56774333405593,그대들은 어떻게 살 것인가,2023
2023-10-26,1,39.72133952578832,그대들은 어떻게 살 것인가,2023
2023-10-27,1,36.65934065934066,그대들은 어떻게 살 것인가,2023
2023-10-28,1,35.07917174177832,그대들은 어떻게 살 것인가,2023
2023-10-29,1,33.960023748268355,그대들은 어떻게 살 것인가,2023
2023-10-30,1,37.85907193714706,그대들은 어떻게 살 것인가,2023
2023-10-31,1,35.77047663118926,그대들은 어떻게 살 것인가,2023
2023-11-08,1,32.33431827775433,더 마블스,2023
2023-11-09,1,31.40848071595994,더 마블스,2023
2023-11-22,1,48.94977168949772,서울의 봄,2023
2023-11-23,1,45.01145594667778,서울의 봄,2023
2023-11-24,1,44.2570281124498,서울의 봄,2023
2023-11-25,1,42.94433142223044,서울의 봄,2023
2023-11-26,1,44.32597105864433,서울의 봄,2023
2023-11-27,1,48.36630362302734,서울의 봄,2023
2023-11-28,1,47.69099808469887,서울의 봄,2023
2023-11-29,1,45.3586934050031,서울의 봄,2023
2023-11-30,1,40.91523460127438,서울의 봄,2023
2023-12-01,1,43.87382188882478,서울의 봄,2023
2023-12-02,1,43.83783783783784,서울의 봄,2023
2023-12-03,1,42.23975304407477,서울의 봄,2023
2023-12-04,1,47.78067885117493,서울의 봄,2023
2023-12-05,1,48.15538194444444,서울의 봄,2023
2023-12-06,1,40.27269027269027,서울의 봄,2023
2023-12-07,1,40.0118670886076,서울의 봄,2023
2023-12-08,1,40.874524714828894,서울의 봄,2023
2023-12-09,1,39.27291346646186,서울의 봄,2023
2023-12-10,1,37.81637717121588,서울의 봄,2023
2023-12-11,1,41.98659354052407,서울의 봄,2023
2023-12-12,1,42.45976554738725,서울의 봄,2023
2023-12-13,1,34.527687296416936,서울의 봄,2023
2023-12-14,1,35.72050879944241,서울의 봄,2023
2023-12-15,1,35.981308411214954,서울의 봄,2023
2023-12-16,1,36.20851596743895,서울의 봄,2023
2023-12-17,1,36.057462090981645,서울의 봄,2023
2023-12-18,1,38.28327771598072,서울의 봄,2023
2023-12-19,1,37.34447209384999,서울의 봄,2023
2023-12-20,1,38.53983853983854,노량: 죽음의 바다,2023
2023-12-21,1,37.97335203366059,노량: 죽음의 바다,2023
2023-12-22,1,32.90571870170015,노량: 죽음의 바다,2023
2023-12-26,1,30.109079242861725,노량: 죽음의 바다,2023
2024-01-31,1,33.89261744966443,웡카,2024
2024-02-01,1,33.9311482168625,웡카,2024
2024-02-02,1,33.26078353779185,웡카,2024
2024-02-03,1,30.80577058409571,웡카,2024
2024-02-04,1,31.076050345683388,웡카,2024
2024-02-05,1,33.31218274111675,웡카,2024
2024-02-06,1,33.50873500315723,웡카,2024
2024-02-22,1,38.41138114997037,파묘,2024
2024-02-23,1,38.96880254063142,파묘,2024
2024-02-24,1,42.37135660309464,파묘,2024
2024-02-25,1,42.094897045658016,파묘,2024
2024-02-26,1,42.35507978186225,파묘,2024
2024-02-27,1,42.92575545327196,파묘,2024
2024-02-28,1,36.35486981677917,파묘,2024
2024-02-29,1,38.61742424242424,파묘,2024
2024-03-01,1,41.32452695465905,파묘,2024
2024-03-02,1,41.99787083037616,파묘,2024
2024-03-03,1,42.20396499374888,파묘,2024
2024-03-04,1,42.269076305220885,파묘,2024
2024-03-05,1,43.58766233766234,파묘,2024
2024-03-06,1,37.08256880733945,파묘,2024
2024-03-07,1,37.64903129657228,파묘,2024
2024-03-08,1,37.0933521923621,파묘,2024
2024-03-09,1,35.336381450032654,파묘,2024
2024-03-10,1,35.386135353202704,파묘,2024
2024-03-11,1,37.70651117589893,파묘,2024
2024-03-12,1,38.76625936145054,파묘,2024
2024-03-13,1,31.695286810376324,파묘,2024
2024-03-14,1,35.92789840229414,파묘,2024
2024-03-15,1,36.773428232502965,파묘,2024
2024-03-16,1,35.476276711336475,파묘,2024
2024-03-17,1,35.52872301500183,파묘,2024
2024-03-18,1,35.18332999398918,파묘,2024
2024-03-19,1,37.88200339558574,파묘,2024
2024-03-20,1,33.715596330275226,파묘,2024
2024-03-21,1,35.11698440207972,파묘,2024
2024-03-22,1,37.37001733102253,파묘,2024
2024-03-23,1,34.59035222052068,파묘,2024
2024-03-24,1,34.683200930052315,파묘,2024
2024-03-25,1,37.821827295511504,파묘,2024
2024-03-26,1,37.328918322295806,파묘,2024
2024-04-10,1,38.25525575235888,쿵푸팬더4,2024
2024-04-11,1,32.18459100812042,쿵푸팬더4,2024
2024-04-12,1,31.32328308207705,쿵푸팬더4,2024
2024-04-13,1,36.070381231671554,쿵푸팬더4,2024
2024-04-14,1,35.2991452991453,쿵푸팬더4,2024
2024-04-15,1,30.559058427910884,쿵푸팬더4,2024
2024-04-16,1,31.92784667418264,쿵푸팬더4,2024
2024-04-24,1,62.18166383701188,범죄도시4,2024
2024-04-25,1,60.76003415883861,범죄도시4,2024
2024-04-26,1,59.78846951472418,범죄도시4,2024
2024-04-27,1,60.2141846837745,범죄도시4,2024
2024-04-28,1,60.35358666937615,범죄도시4,2024
2024-04-29,1,62.03328834907782,범죄도시4,2024
2024-04-30,1,60.89868222078203,범죄도시4,2024
2024-05-01,1,48.851925510757546,범죄도시4,2024
2024-05-02,1,54.19551934826884,범죄도시4,2024
2024-05-03,1,52.80046674445741,범죄도시4,2024
2024-05-04,1,48.63406994953889,범죄도시4,2024
2024-05-05,1,46.04674291397315,범죄도시4,2024
2024-05-06,1,47.1244635193133,범죄도시4,2024
2024-05-07,1,55.19828510182207,범죄도시4,2024
2024-05-08,1,40.815502624142106,범죄도시4,2024
2024-05-09,1,42.4306584797798,범죄도시4,2024
2024-05-10,1,40.98690835850957,범죄도시4,2024
2024-05-11,1,37.7712930877257,범죄도시4,2024
2024-05-12,1,37.61282004052312,범죄도시4,2024
2024-05-13,1,42.81256964564297,범죄도시4,2024
2024-05-14,1,42.02434336963485,범죄도시4,2024
2024-06-12,1,38.38152327221439,인사이드 아웃 2,2024
2024-06-13,1,41.590154327017,인사이드 아웃 2,2024
2024-06-14,1,41.95870430005683,인사이드 아웃 2,2024
2024-06-15,1,44.4272711660656,인사이드 아웃 2,2024
2024-06-16,1,45.555748825882766,인사이드 아웃 2,2024
2024-06-17,1,42.75288870869653,인사이드 아웃 2,2024
2024-06-18,1,43.06672025723473,인사이드 아웃 2,2024
2024-06-19,1,44.686765020312166,인사이드 아웃 2,2024
2024-06-20,1,43.494657448145816,인사이드 아웃 2,2024
2024-06-21,1,41.47033158813264,인사이드 아웃 2,2024
2024-06-22,1,50.74752579490419,인사이드 아웃 2,2024
2024-06-23,1,49.79140592407176,인사이드 아웃 2,2024
2024-06-24,1,40.69952305246423,인사이드 아웃 2,2024
2024-06-25,1,39.95152049360952,인사이드 아웃 2,2024
2024-06-26,1,31.174577634754623,인사이드 아웃 2,2024
2024-06-27,1,30.352697095435683,인사이드 아웃 2,2024
2024-06-28,1,31.490046249748644,인사이드 아웃 2,2024
2024-06-29,1,35.14697827277707,인사이드 아웃 2,2024
2024-06-30,1,34.76605005440697,인사이드 아웃 2,2024
2024-07-01,1,31.09849312076873,인사이드 아웃 2,2024
2024-07-02,1,30.12578616352201,인사이드 아웃 2,2024
2024-07-24,1,30.99583733589497,데드풀과 울버린,2024
2024-07-25,1,30.513353590276665,데드풀과 울버린,2024
2024-07-26,1,31.082375478927204,데드풀과 울버린,2024
2024-07-27,1,30.945194598888005,데드풀과 울버린,2024
2024-07-28,1,30.503894452392306,데드풀과 울버린,2024
2024-07-29,1,30.058972198820555,데드풀과 울버린,2024
2024-08-03,1,30.070791012619267,파일럿,2024
2024-08-04,1,30.38210624417521,파일럿,2024
2024-08-05,1,30.9975837072834,파일럿,2024
2024-08-06,1,32.04138898632059,파일럿,2024
2024-09-13,1,53.704445334401285,베테랑2,2024
2024-09-14,1,49.28874930722335,베테랑2,2024
2024-09-15,1,48.64425162689805,베테랑2,2024
2024-09-16,1,49.04109589041096,베테랑2,2024
2024-09-17,1,49.00310956648985,베테랑2,2024
2024-09-18,1,52.03459799488893,베테랑2,2024
2024-09-19,1,54.870641169853776,베테랑2,2024
2024-09-20,1,55.83802024746907,베테랑2,2024
2024-09-21,1,50.480769230769226,베테랑2,2024
2024-09-22,1,50.34274193548387,베테랑2,2024
2024-09-23,1,55.77660594439118,베테랑2,2024
2024-09-24,1,54.38515081206496,베테랑2,2024
2024-09-25,1,45.2991452991453,베테랑2,2024
2024-09-26,1,44.92817679558011,베테랑2,2024
2024-09-27,1,42.75760135135135,베테랑2,2024
2024-09-28,1,38.48217707934074,베테랑2,2024
2024-09-29,1,37.92043052085335,베테랑2,2024
2024-09-30,1,43.74277122368726,베테랑2,2024
2024-10-23,1,35.94530062947688,베놈: 라스트 댄스,2024
2024-10-24,1,36.23414199866459,베놈: 라스트 댄스,2024
2024-10-25,1,35.14370245139476,베놈: 라스트 댄스,2024
2024-10-26,1,32.16634429400387,베놈: 라스트 댄스,2024
2024-10-27,1,32.81373322809787,베놈: 라스트 댄스,2024
2024-10-28,1,36.56680932001903,베놈: 라스트 댄스,2024
2024-10-29,1,34.19712070874862,베놈: 라스트 댄스,2024
2024-10-30,1,30.954374215152782,아마존 활명수,2024
2024-11-13,1,39.093922651933696,글래디에이터 Ⅱ,2024
2024-11-14,1,31.52444076222038,글래디에이터 Ⅱ,2024
2024-11-15,1,31.69543147208122,글래디에이터 Ⅱ,2024
2024-11-17,1,30.00971817298348,글래디에이터 Ⅱ,2024
2024-11-18,1,34.126067882706074,글래디에이터 Ⅱ,2024
2024-11-19,1,32.764044943820224,글래디에이터 Ⅱ,2024
2024-11-20,1,32.153905645784995,위키드,2024
2024-11-21,1,32.476452119309265,위키드,2024
2024-11-22,1,32.69667170953101,위키드,2024
2024-11-23,1,32.9014598540146,위키드,2024
2024-11-24,1,32.96120058565154,위키드,2024
2024-11-25,1,33.7648778450616,위키드,2024
2024-11-26,1,33.56079404466501,위키드,2024
2024-11-27,1,33.06076937372235,모아나 2,2024
2024-11-28,1,32.816901408450704,모아나 2,2024
2024-11-29,1,33.211608687295794,모아나 2,2024
2024-11-30,1,36.80775685250792,모아나 2,2024
2024-12-01,1,37.50944822373394,모아나 2,2024
2024-12-02,1,31.366006256517203,모아나 2,2024
2024-12-03,1,32.315789473684205,모아나 2,2024
2024-12-24,1,35.36789297658863,하얼빈,2024
2024-12-25,1,30.740407673860908,하얼빈,2024
2024-12-26,1,34.705209864445536,하얼빈,2024
2024-12-27,1,32.8921885087153,하얼빈,2024
2024-12-30,1,31.25211505922166,하얼빈,2024
2025-01-22,1,30.40689960194604,히트맨2,2025
2025-01-23,1,33.58742258218199,히트맨2,2025
2025-01-24,1,32.92393026941363,검은 수녀들,2025
2025-02-12,1,35.647961243439646,캡틴 아메리카: 브레이브 뉴 월드,2025
2025-02-13,1,35.751713018943974,캡틴 아메리카: 브레이브 뉴 월드,2025
2025-02-14,1,34.26287051482059,캡틴 아메리카: 브레이브 뉴 월드,2025
2025-02-15,1,34.18449919079302,캡틴 아메리카: 브레이브 뉴 월드,2025
2025-02-16,1,34.97012696041823,캡틴 아메리카: 브레이브 뉴 월드,2025
2025-02-17,1,35.02679528403001,캡틴 아메리카: 브레이브 뉴 월드,2025
2025-02-18,1,35.08133561643836,캡틴 아메리카: 브레이브 뉴 월드,2025
2025-02-19,1,34.694327962922095,캡틴 아메리카: 브레이브 뉴 월드,2025
2025-02-20,1,34.80293921175684,캡틴 아메리카: 브레이브 뉴 월드,2025
2025-02-28,1,39.98141263940521,미키 17,2025
2025-03-01,1,36.27632687447346,미키 17,2025
2025-03-02,1,36.42418032786885,미키 17,2025
2025-03-03,1,35.57692307692308,미키 17,2025
2025-03-04,1,39.10243091626844,미키 17,2025
2025-03-05,1,36.31452581032413,미키 17,2025
2025-03-06,1,36.496350364963504,미키 17,2025
2025-03-07,1,37.61187957689178,미키 17,2025
2025-03-08,1,36.42129540649625,미키 17,2025
2025-03-09,1,35.61722488038278,미키 17,2025
2025-03-10,1,36.72194701701486,미키 17,2025
2025-03-11,1,36.55380634030623,미키 17,2025
2025-03-12,1,30.65873178739996,미키 17,2025
2025-03-14,1,30.38919136922767,미키 17,2025
2025-03-26,1,33.71064004939288,승부,2025
2025-03-27,1,34.14634146341464,승부,2025
2025-03-28,1,33.74948833401555,승부,2025
2025-03-29,1,34.62890625,승부,2025
2025-03-30,1,34.62827844606586,승부,2025
2025-03-31,1,38.84982420894024,승부,2025
2025-04-01,1,38.47874720357942,승부,2025
2025-04-02,1,32.878352490421456,승부,2025
2025-04-03,1,34.46565831886933,승부,2025
2025-04-04,1,32.81178094799816,승부,2025
2025-04-05,1,30.280708739796932,승부,2025
2025-04-06,1,30.83673469387755,승부,2025
2025-04-07,1,34.958254780500944,승부,2025
2025-04-08,1,34.96338912133891,승부,2025
2025-04-09,1,32.108369098712444,승부,2025
2025-04-10,1,30.806533945890763,승부,2025
2025-04-14,1,32.58138206739007,승부,2025
2025-04-15,1,33.29493087557604,승부,2025
2025-04-16,1,44.500264410364885,야당,2025
2025-04-17,1,42.9006858013716,야당,2025
2025-04-18,1,41.55164207520228,야당,2025
2025-04-19,1,43.30524344569288,야당,2025
2025-04-20,1,40.17056636781107,야당,2025
2025-04-21,1,44.63032919589855,야당,2025
2025-04-22,1,43.154915079773545,야당,2025
2025-04-23,1,45.55820737204985,야당,2025
2025-04-24,1,47.15359828141783,야당,2025
2025-04-25,1,45.49595141700405,야당,2025
2025-04-26,1,36.49710504549214,야당,2025
2025-04-27,1,35.54376657824933,야당,2025
2025-04-28,1,38.72161895360316,야당,2025
2025-04-29,1,38.94149065307113,야당,2025
2025-05-17,1,41.959887403237154,미션 임파서블: 파이널 레코닝,2025
2025-05-18,1,42.3394330821672,미션 임파서블: 파이널 레코닝,2025
2025-05-19,1,41.971095945403455,미션 임파서블: 파이널 레코닝,2025
2025-05-20,1,42.513422151521176,미션 임파서블: 파이널 레코닝,2025
2025-05-21,1,39.98377939983779,미션 임파서블: 파이널 레코닝,2025
2025-05-22,1,39.34725319278329,미션 임파서블: 파이널 레코닝,2025
2025-05-23,1,39.93418505613627,미션 임파서블: 파이널 레코닝,2025
2025-05-24,1,37.78558875219684,미션 임파서블: 파이널 레코닝,2025
2025-05-25,1,37.92361484669177,미션 임파서블: 파이널 레코닝,2025
2025-05-26,1,40.507436570428695,미션 임파서블: 파이널 레코닝,2025
2025-05-27,1,40.94677137870856,미션 임파서블: 파이널 레코닝,2025
2025-05-28,1,38.90944498539435,미션 임파서블: 파이널 레코닝,2025
2025-05-29,1,40.44243986254296,미션 임파서블: 파이널 레코닝,2025
2025-08-22,1,42.579210672595885,극장판 귀멸의 칼날: 무한성편,2025
2025-08-23,1,39.31343798516474,극장판 귀멸의 칼날: 무한성편,2025
2025-08-24,1,39.06741180579812,극장판 귀멸의 칼날: 무한성편,2025
2025-08-25,1,40.22804560912183,극장판 귀멸의 칼날: 무한성편,2025
2025-08-26,1,39.38979072951301,극장판 귀멸의 칼날: 무한성편,2025
2025-08-27,1,36.724608043626446,극장판 귀멸의 칼날: 무한성편,2025
2025-08-28,1,34.890010818608005,극장판 귀멸의 칼날: 무한성편,2025
2025-08-29,1,34.824902723735406,극장판 귀멸의 칼날: 무한성편,2025
2025-08-30,1,35.453267744202385,극장판 귀멸의 칼날: 무한성편,2025
2025-08-31,1,35.14180024660912,극장판 귀멸의 칼날: 무한성편,2025
2025-09-01,1,35.99084096586178,극장판 귀멸의 칼날: 무한성편,2025
2025-09-02,1,35.916785641444015,극장판 귀멸의 칼날: 무한성편,2025
2025-09-03,1,34.175870858113846,극장판 귀멸의 칼날: 무한성편,2025
2025-09-04,1,32.94460641399417,극장판 귀멸의 칼날: 무한성편,2025
2025-09-24,1,40.46707503828484,어쩔수가없다,2025
2025-09-25,1,37.98243822748621,어쩔수가없다,2025
2025-09-26,1,36.84314111395395,어쩔수가없다,2025
2025-09-27,1,31.03626052586355,어쩔수가없다,2025
2025-09-28,1,30.79841351957234,어쩔수가없다,2025
2025-09-29,1,33.11106480516774,어쩔수가없다,2025
2025-09-30,1,32.6698132567207,어쩔수가없다,2025
2025-11-19,1,32.63542066845947,위키드: 포 굿,2025
2025-11-20,1,31.21194264388136,위키드: 포 굿,2025
2025-11-21,1,31.088959939815688,위키드: 포 굿,2025
2025-11-22,1,30.46594982078853,위키드: 포 굿,2025
2025-11-23,1,30.36459278070016,위키드: 포 굿,2025
2025-11-25,1,30.53582956746288,위키드: 포 굿,2025
2025-11-26,1,37.72628530050688,주토피아 2,2025
2025-11-27,1,37.890015600624025,주토피아 2,2025
2025-11-28,1,38.931152529478894,주토피아 2,2025
2025-11-29,1,43.35091868291796,주토피아 2,2025
2025-11-30,1,42.53905548572455,주토피아 2,2025
2025-12-01,1,39.84674329501915,주토피아 2,2025
2025-12-02,1,39.9126455906822,주토피아 2,2025
2025-12-06,1,35.26502858908979,주토피아 2,2025
2025-12-07,1,35.595105672969964,주토피아 2,2025
2025-12-08,1,30.426217765042978,주토피아 2,2025
2025-12-10,1,32.6484871124393,주토피아 2,2025
2025-12-12,1,31.32068905515921,주토피아 2,2025
2025-12-13,1,34.86722744515916,주토피아 2,2025
2025-12-14,1,34.73961766644694,주토피아 2,2025
2025-12-15,1,32.07871608712266,주토피아 2,2025
2025-12-16,1,35.48057259713702,주토피아 2,2025
2025-12-17,1,51.47527910685805,아바타: 불과 재,2025
2025-12-18,1,50.32757593805837,아바타: 불과 재,2025
2025-12-19,1,48.74927283304247,아바타: 불과 재,2025
2025-12-20,1,44.33085501858736,아바타: 불과 재,2025
2025-12-21,1,44.30521787918459,아바타: 불과 재,2025
2025-12-22,1,47.32744107744108,아바타: 불과 재,2025
2025-12-23,1,46.86536485097636,아바타: 불과 재,2025
2025-12-24,1,36.93028283192218,아바타: 불과 재,2025
2025-12-25,1,34.56747404844291,아바타: 불과 재,2025
2025-12-26,1,35.380066098451906,아바타: 불과 재,2025
2025-12-27,1,35.111423056676614,아바타: 불과 재,2025
2025-12-28,1,35.374149659863946,아바타: 불과 재,2025
2025-12-29,1,37.2985876268152,아바타: 불과 재,2025
2025-12-30,1,36.25764525993883,아바타: 불과 재,2025
2026-02-04,1,39.30772878141299,왕과 사는 남자,2026
2026-02-05,1,37.610825944937005,왕과 사는 남자,2026
2026-02-06,1,34.76340694006309,왕과 사는 남자,2026
2026-02-07,1,32.54976303317535,왕과 사는 남자,2026
2026-02-08,1,31.94959229058562,왕과 사는 남자,2026
2026-02-09,1,34.45170006755235,왕과 사는 남자,2026
2026-02-10,1,33.61785948785292,왕과 사는 남자,2026
2026-02-15,1,31.46529562982005,왕과 사는 남자,2026
2026-02-16,1,32.92873244321137,왕과 사는 남자,2026
2026-02-17,1,35.96349973161567,왕과 사는 남자,2026
2026-02-18,1,36.19885139985642,왕과 사는 남자,2026
2026-02-19,1,33.95309528840059,왕과 사는 남자,2026
2026-02-20,1,34.22222222222222,왕과 사는 남자,2026
2026-02-21,1,39.137706745958,왕과 사는 남자,2026
2026-02-22,1,39.68136346795109,왕과 사는 남자,2026
2026-02-23,1,38.978912319644834,왕과 사는 남자,2026
2026-02-24,1,37.613708483181725,왕과 사는 남자,2026
2026-02-25,1,38.63183087355405,왕과 사는 남자,2026
2026-02-26,1,37.8463476070529,왕과 사는 남자,2026
2026-02-27,1,38.03898405197874,왕과 사는 남자,2026
2026-02-28,1,40.219208619728775,왕과 사는 남자,2026
2026-03-01,1,38.68782314137992,왕과 사는 남자,2026
2026-03-02,1,39.73387543892072,왕과 사는 남자,2026
2026-03-03,1,41.07713372889092,왕과 사는 남자,2026
2026-03-04,1,36.82904826341903,왕과 사는 남자,2026
2026-03-05,1,37.453100860737145,왕과 사는 남자,2026
2026-03-06,1,39.17933763799208,왕과 사는 남자,2026
2026-03-07,1,42.05734211545912,왕과 사는 남자,2026
2026-03-08,1,42.56520046710782,왕과 사는 남자,2026
2026-03-09,1,42.699271102751,왕과 사는 남자,2026
2026-03-10,1,41.00529100529101,왕과 사는 남자,2026
2026-03-11,1,45.77514792899408,왕과 사는 남자,2026
2026-03-12,1,45.677570093457945,왕과 사는 남자,2026
2026-03-13,1,50.024570024570025,왕과 사는 남자,2026
2026-03-14,1,50.43478260869565,왕과 사는 남자,2026
2026-03-15,1,51.76991150442478,왕과 사는 남자,2026
2026-03-16,1,51.00917431192661,왕과 사는 남자,2026
2026-03-17,1,48.617283950617285,왕과 사는 남자,2026
2026-03-18,1,33.253796095444685,왕과 사는 남자,2026
2026-03-19,1,34.089422028353326,왕과 사는 남자,2026
2026-03-20,1,33.45129059117402,왕과 사는 남자,2026
2026-03-21,1,34.48620551779288,왕과 사는 남자,2026
2026-03-22,1,34.03494837172359,왕과 사는 남자,2026
2026-03-23,1,35.69578526018366,왕과 사는 남자,2026
2026-03-24,2,36.5566037735849,왕과 사는 남자,2026
2026-03-25,1,36.43342838341741,왕과 사는 남자,2026
2026-03-26,1,35.6979405034325,왕과 사는 남자,2026
2026-03-27,1,34.78066248880931,왕과 사는 남자,2026
2026-03-28,1,33.7382779198636,왕과 사는 남자,2026
2026-03-29,1,33.79014989293362,왕과 사는 남자,2026
2026-03-30,2,37.93464052287582,왕과 사는 남자,2026
2026-03-31,2,35.5512384652744,왕과 사는 남자,2026
2026-04-01,2,35.12097779995011,왕과 사는 남자,2026
2026-04-02,1,31.49976492712741,왕과 사는 남자,2026
2026-04-03,1,30.31644169063952,왕과 사는 남자,2026
2026-04-06,2,30.13665202537824,왕과 사는 남자,2026
2026-04-07,1,30.085755121486425,왕과 사는 남자,2026
2026-04-13,1,30.13666352497644,살목지,2026
2026-04-14,1,30.47619047619048,살목지,2026
2026-05-13,1,32.5267304445695,마이클,2026
2026-05-14,1,31.981042654028435,마이클,2026
2026-05-15,1,31.344645137748586,마이클,2026
2026-05-18,1,33.96059331414656,마이클,2026
2026-05-19,1,32.95896328293736,마이클,2026
2026-05-20,1,33.058375634517766,마이클,2026
2026-05-21,1,41.60135564499047,군체,2026
2026-05-22,1,40.023706045041486,군체,2026
2026-05-23,1,37.74228284278536,군체,2026
2026-05-24,1,37.52445313889383,군체,2026
2026-05-25,1,37.72893772893773,군체,2026
