date,year,movie_cd,movie_nm,movie_label,screen_share,threshold,screen_count,final_aud,tier
2020-06-08,2020,20197863,침입자,"침입자 (<5M, 530,659명)",43.14416637292915,40% 이상,1224,530659,500만미만
2020-06-09,2020,20197863,침입자,"침입자 (<5M, 530,659명)",43.652482269503544,40% 이상,1231,530659,500만미만
2020-06-24,2020,20193069,#살아있다,"#살아있다 (<5M, 1,903,703명)",40.62576387191395,40% 이상,1662,1903703,500만미만
2020-06-25,2020,20193069,#살아있다,"#살아있다 (<5M, 1,903,703명)",40.39980256663377,40% 이상,1637,1903703,500만미만
2020-06-27,2020,20193069,#살아있다,"#살아있다 (<5M, 1,903,703명)",40.780065005417114,40% 이상,1882,1903703,500만미만
2020-06-28,2020,20193069,#살아있다,"#살아있다 (<5M, 1,903,703명)",40.816772221008954,40% 이상,1869,1903703,500만미만
2020-06-29,2020,20193069,#살아있다,"#살아있다 (<5M, 1,903,703명)",41.37931034482759,40% 이상,1644,1903703,500만미만
2020-06-30,2020,20193069,#살아있다,"#살아있다 (<5M, 1,903,703명)",40.57863501483679,40% 이상,1641,1903703,500만미만
2020-07-15,2020,20193450,반도,"반도 (<5M, 3,810,397명)",61.737523105360445,50% 이상,2338,3810397,500만미만
2020-07-16,2020,20193450,반도,"반도 (<5M, 3,810,397명)",60.78886310904872,50% 이상,2358,3810397,500만미만
2020-07-17,2020,20193450,반도,"반도 (<5M, 3,810,397명)",60.264900662251655,50% 이상,2457,3810397,500만미만
2020-07-18,2020,20193450,반도,"반도 (<5M, 3,810,397명)",60.276217228464425,50% 이상,2575,3810397,500만미만
2020-07-19,2020,20193450,반도,"반도 (<5M, 3,810,397명)",59.148044692737436,50% 이상,2541,3810397,500만미만
2020-07-20,2020,20193450,반도,"반도 (<5M, 3,810,397명)",57.85293364078914,50% 이상,2258,3810397,500만미만
2020-07-21,2020,20193450,반도,"반도 (<5M, 3,810,397명)",57.660878447395305,50% 이상,2258,3810397,500만미만
2020-07-22,2020,20193450,반도,"반도 (<5M, 3,810,397명)",47.38124238733252,40% 이상,1945,3810397,500만미만
2020-07-23,2020,20193450,반도,"반도 (<5M, 3,810,397명)",47.38136218342759,40% 이상,1927,3810397,500만미만
2020-07-24,2020,20193450,반도,"반도 (<5M, 3,810,397명)",47.933480068476406,40% 이상,1960,3810397,500만미만
2020-07-25,2020,20193450,반도,"반도 (<5M, 3,810,397명)",47.2478094810155,40% 이상,2103,3810397,500만미만
2020-07-26,2020,20193450,반도,"반도 (<5M, 3,810,397명)",47.213411871318534,40% 이상,2084,3810397,500만미만
2020-07-27,2020,20193450,반도,"반도 (<5M, 3,810,397명)",48.54643684075122,40% 이상,1887,3810397,500만미만
2020-07-28,2020,20193450,반도,"반도 (<5M, 3,810,397명)",49.560269011898605,40% 이상,1916,3810397,500만미만
2020-07-29,2020,20196271,강철비2: 정상회담,"강철비2: 정상회담 (<5M, 1,790,797명)",50.893069778518694,50% 이상,2137,1790797,500만미만
2020-07-30,2020,20196271,강철비2: 정상회담,"강철비2: 정상회담 (<5M, 1,790,797명)",52.50699923644694,50% 이상,2063,1790797,500만미만
2020-07-31,2020,20196271,강철비2: 정상회담,"강철비2: 정상회담 (<5M, 1,790,797명)",49.7383444338725,40% 이상,2091,1790797,500만미만
2020-08-01,2020,20196271,강철비2: 정상회담,"강철비2: 정상회담 (<5M, 1,790,797명)",48.13811780636425,40% 이상,2133,1790797,500만미만
2020-08-02,2020,20196271,강철비2: 정상회담,"강철비2: 정상회담 (<5M, 1,790,797명)",48.209366391184574,40% 이상,2100,1790797,500만미만
2020-08-03,2020,20196271,강철비2: 정상회담,"강철비2: 정상회담 (<5M, 1,790,797명)",47.66788766788767,40% 이상,1952,1790797,500만미만
2020-08-04,2020,20196271,강철비2: 정상회담,"강철비2: 정상회담 (<5M, 1,790,797명)",47.484123106985834,40% 이상,1944,1790797,500만미만
2020-08-05,2020,20197922,다만 악에서 구하소서,"다만 악에서 구하소서 (<5M, 4,353,414명)",41.355245384961734,40% 이상,1837,4353414,500만미만
2020-08-06,2020,20197922,다만 악에서 구하소서,"다만 악에서 구하소서 (<5M, 4,353,414명)",42.03420342034204,40% 이상,1868,4353414,500만미만
2020-08-07,2020,20197922,다만 악에서 구하소서,"다만 악에서 구하소서 (<5M, 4,353,414명)",42.04845814977974,40% 이상,1909,4353414,500만미만
2020-08-08,2020,20197922,다만 악에서 구하소서,"다만 악에서 구하소서 (<5M, 4,353,414명)",42.701431929899556,40% 이상,1998,4353414,500만미만
2020-08-09,2020,20197922,다만 악에서 구하소서,"다만 악에서 구하소서 (<5M, 4,353,414명)",42.89400129004515,40% 이상,1995,4353414,500만미만
2020-08-10,2020,20197922,다만 악에서 구하소서,"다만 악에서 구하소서 (<5M, 4,353,414명)",43.36448598130841,40% 이상,1856,4353414,500만미만
2020-08-11,2020,20197922,다만 악에서 구하소서,"다만 악에서 구하소서 (<5M, 4,353,414명)",43.154968728283535,40% 이상,1863,4353414,500만미만
2020-08-26,2020,20201122,테넷,"테넷 (<5M, 1,996,621명)",51.88635305076852,50% 이상,2228,1996621,500만미만
2020-08-27,2020,20201122,테넷,"테넷 (<5M, 1,996,621명)",51.985731272294885,50% 이상,2186,1996621,500만미만
2020-08-28,2020,20201122,테넷,"테넷 (<5M, 1,996,621명)",51.48746779105176,50% 이상,2198,1996621,500만미만
2020-08-29,2020,20201122,테넷,"테넷 (<5M, 1,996,621명)",51.921274601686974,50% 이상,2216,1996621,500만미만
2020-08-30,2020,20201122,테넷,"테넷 (<5M, 1,996,621명)",51.80921052631579,50% 이상,2205,1996621,500만미만
2020-08-31,2020,20201122,테넷,"테넷 (<5M, 1,996,621명)",51.00771336153272,50% 이상,2050,1996621,500만미만
2020-09-01,2020,20201122,테넷,"테넷 (<5M, 1,996,621명)",51.71706817016914,50% 이상,2018,1996621,500만미만
2020-10-21,2020,20197121,삼진그룹 영어토익반,"삼진그룹 영어토익반 (<5M, 1,566,916명)",43.495825478050094,40% 이상,1615,1566916,500만미만
2020-10-22,2020,20197121,삼진그룹 영어토익반,"삼진그룹 영어토익반 (<5M, 1,566,916명)",44.23667317890037,40% 이상,1585,1566916,500만미만
2020-10-23,2020,20197121,삼진그룹 영어토익반,"삼진그룹 영어토익반 (<5M, 1,566,916명)",41.33889033602501,40% 이상,1587,1566916,500만미만
2020-10-24,2020,20197121,삼진그룹 영어토익반,"삼진그룹 영어토익반 (<5M, 1,566,916명)",40.37251447269066,40% 이상,1604,1566916,500만미만
2020-10-25,2020,20197121,삼진그룹 영어토익반,"삼진그룹 영어토익반 (<5M, 1,566,916명)",40.45605944145529,40% 이상,1579,1566916,500만미만
2020-10-26,2020,20197121,삼진그룹 영어토익반,"삼진그룹 영어토익반 (<5M, 1,566,916명)",42.00926462072959,40% 이상,1451,1566916,500만미만
2020-10-27,2020,20197121,삼진그룹 영어토익반,"삼진그룹 영어토익반 (<5M, 1,566,916명)",41.066003866335265,40% 이상,1487,1566916,500만미만
2020-11-04,2020,20192193,도굴,"도굴 (<5M, 1,544,146명)",44.27244582043344,40% 이상,1573,1544146,500만미만
2020-11-05,2020,20192193,도굴,"도굴 (<5M, 1,544,146명)",43.941484957217774,40% 이상,1592,1544146,500만미만
2020-11-06,2020,20192193,도굴,"도굴 (<5M, 1,544,146명)",43.67567567567568,40% 이상,1616,1544146,500만미만
2020-11-07,2020,20192193,도굴,"도굴 (<5M, 1,544,146명)",42.52275682704811,40% 이상,1635,1544146,500만미만
2020-11-08,2020,20192193,도굴,"도굴 (<5M, 1,544,146명)",42.74789029535865,40% 이상,1621,1544146,500만미만
2020-11-09,2020,20192193,도굴,"도굴 (<5M, 1,544,146명)",44.19279907084785,40% 이상,1522,1544146,500만미만
2020-11-10,2020,20192193,도굴,"도굴 (<5M, 1,544,146명)",42.94410625345877,40% 이상,1552,1544146,500만미만
2020-11-11,2020,20192193,도굴,"도굴 (<5M, 1,544,146명)",45.667870036101085,40% 이상,1518,1544146,500만미만
2020-12-23,2020,20192567,원더 우먼 1984,"원더 우먼 1984 (<5M, 548,695명)",57.78894472361809,50% 이상,2185,548695,500만미만
2020-12-24,2020,20192567,원더 우먼 1984,"원더 우먼 1984 (<5M, 548,695명)",51.95145168967158,50% 이상,2183,548695,500만미만
2020-12-25,2020,20192567,원더 우먼 1984,"원더 우먼 1984 (<5M, 548,695명)",46.965918536990856,40% 이상,2260,548695,500만미만
2020-12-26,2020,20192567,원더 우먼 1984,"원더 우먼 1984 (<5M, 548,695명)",48.26546003016591,40% 이상,2240,548695,500만미만
2020-12-27,2020,20192567,원더 우먼 1984,"원더 우먼 1984 (<5M, 548,695명)",50.01121327651939,50% 이상,2230,548695,500만미만
2020-12-28,2020,20192567,원더 우먼 1984,"원더 우먼 1984 (<5M, 548,695명)",48.66666666666667,40% 이상,1971,548695,500만미만
2020-12-29,2020,20192567,원더 우먼 1984,"원더 우먼 1984 (<5M, 548,695명)",47.123681687440076,40% 이상,1966,548695,500만미만
2020-12-30,2020,20192567,원더 우먼 1984,"원더 우먼 1984 (<5M, 548,695명)",43.85803180456326,40% 이상,1903,548695,500만미만
2020-12-31,2020,20192567,원더 우먼 1984,"원더 우먼 1984 (<5M, 548,695명)",46.88484848484848,40% 이상,1934,548695,500만미만
2021-01-01,2021,20192567,원더 우먼 1984,"원더 우먼 1984 (<5M, 548,695명)",44.66920514040933,40% 이상,1877,548695,500만미만
2021-01-02,2021,20192567,원더 우먼 1984,"원더 우먼 1984 (<5M, 548,695명)",44.72337314160371,40% 이상,1835,548695,500만미만
2021-01-03,2021,20192567,원더 우먼 1984,"원더 우먼 1984 (<5M, 548,695명)",45.016319357268394,40% 이상,1793,548695,500만미만
2021-01-04,2021,20192567,원더 우먼 1984,"원더 우먼 1984 (<5M, 548,695명)",45.85213467545991,40% 이상,1321,548695,500만미만
2021-01-05,2021,20192567,원더 우먼 1984,"원더 우먼 1984 (<5M, 548,695명)",46.2962962962963,40% 이상,1275,548695,500만미만
2021-01-20,2021,20207443,소울,"소울 (<5M, 2,037,876명)",52.54015077023927,50% 이상,1603,2037876,500만미만
2021-01-21,2021,20207443,소울,"소울 (<5M, 2,037,876명)",56.009698649116736,50% 이상,1617,2037876,500만미만
2021-01-22,2021,20207443,소울,"소울 (<5M, 2,037,876명)",56.28561850486088,50% 이상,1679,2037876,500만미만
2021-01-23,2021,20207443,소울,"소울 (<5M, 2,037,876명)",60.458107293550334,50% 이상,2006,2037876,500만미만
2021-01-24,2021,20207443,소울,"소울 (<5M, 2,037,876명)",59.72181118674163,50% 이상,2018,2037876,500만미만
2021-01-25,2021,20207443,소울,"소울 (<5M, 2,037,876명)",60.60283687943262,50% 이상,1709,2037876,500만미만
2021-01-26,2021,20207443,소울,"소울 (<5M, 2,037,876명)",58.59348198970841,50% 이상,1708,2037876,500만미만
2021-01-27,2021,20207443,소울,"소울 (<5M, 2,037,876명)",41.73006480698788,40% 이상,1481,2037876,500만미만
2021-01-30,2021,20207443,소울,"소울 (<5M, 2,037,876명)",40.71550255536627,40% 이상,1673,2037876,500만미만
2021-01-31,2021,20207443,소울,"소울 (<5M, 2,037,876명)",41.718247090864075,40% 이상,1685,2037876,500만미만
2021-02-01,2021,20207443,소울,"소울 (<5M, 2,037,876명)",41.97240974464338,40% 이상,1430,2037876,500만미만
2021-02-02,2021,20207443,소울,"소울 (<5M, 2,037,876명)",41.85573007562537,40% 이상,1439,2037876,500만미만
2021-05-19,2021,20205041,분노의 질주: 더 얼티메이트,"분노의 질주: 더 얼티메이트 (<5M, 2,290,975명)",45.07741167129814,40% 이상,2271,2290975,500만미만
2021-05-20,2021,20205041,분노의 질주: 더 얼티메이트,"분노의 질주: 더 얼티메이트 (<5M, 2,290,975명)",52.55383074611918,50% 이상,2099,2290975,500만미만
2021-05-21,2021,20205041,분노의 질주: 더 얼티메이트,"분노의 질주: 더 얼티메이트 (<5M, 2,290,975명)",50.174216027874564,50% 이상,2160,2290975,500만미만
2021-05-22,2021,20205041,분노의 질주: 더 얼티메이트,"분노의 질주: 더 얼티메이트 (<5M, 2,290,975명)",47.635835752799665,40% 이상,2297,2290975,500만미만
2021-05-23,2021,20205041,분노의 질주: 더 얼티메이트,"분노의 질주: 더 얼티메이트 (<5M, 2,290,975명)",46.849258649093905,40% 이상,2275,2290975,500만미만
2021-05-24,2021,20205041,분노의 질주: 더 얼티메이트,"분노의 질주: 더 얼티메이트 (<5M, 2,290,975명)",52.400619514713476,50% 이상,2030,2290975,500만미만
2021-05-25,2021,20205041,분노의 질주: 더 얼티메이트,"분노의 질주: 더 얼티메이트 (<5M, 2,290,975명)",52.80927835051546,50% 이상,2049,2290975,500만미만
2021-07-08,2021,20191951,블랙 위도우,"블랙 위도우 (<5M, 2,957,005명)",53.76391982182628,50% 이상,2414,2957005,500만미만
2021-07-09,2021,20191951,블랙 위도우,"블랙 위도우 (<5M, 2,957,005명)",54.2031523642732,50% 이상,2476,2957005,500만미만
2021-07-10,2021,20191951,블랙 위도우,"블랙 위도우 (<5M, 2,957,005명)",51.51823925005095,50% 이상,2528,2957005,500만미만
2021-07-11,2021,20191951,블랙 위도우,"블랙 위도우 (<5M, 2,957,005명)",48.31916537867079,40% 이상,2501,2957005,500만미만
2021-07-12,2021,20191951,블랙 위도우,"블랙 위도우 (<5M, 2,957,005명)",55.23311132254995,50% 이상,2322,2957005,500만미만
2021-07-13,2021,20191951,블랙 위도우,"블랙 위도우 (<5M, 2,957,005명)",53.43511450381679,50% 이상,2310,2957005,500만미만
2021-09-30,2021,20191061,007 노 타임 투 다이,"007 노 타임 투 다이 (<5M, 1,222,296명)",42.79809878073982,40% 이상,2071,1222296,500만미만
2021-10-01,2021,20191061,007 노 타임 투 다이,"007 노 타임 투 다이 (<5M, 1,222,296명)",41.70483967337184,40% 이상,2094,1222296,500만미만
2021-10-05,2021,20191061,007 노 타임 투 다이,"007 노 타임 투 다이 (<5M, 1,222,296명)",43.782209276271566,40% 이상,1954,1222296,500만미만
2021-10-13,2021,20218052,베놈 2: 렛 데어 비 카니지,"베놈 2: 렛 데어 비 카니지 (<5M, 2,121,625명)",45.91520165460186,40% 이상,1776,2121625,500만미만
2021-10-14,2021,20218052,베놈 2: 렛 데어 비 카니지,"베놈 2: 렛 데어 비 카니지 (<5M, 2,121,625명)",43.63457276532874,40% 이상,1772,2121625,500만미만
2021-10-15,2021,20218052,베놈 2: 렛 데어 비 카니지,"베놈 2: 렛 데어 비 카니지 (<5M, 2,121,625명)",44.50096899224806,40% 이상,1837,2121625,500만미만
2021-10-16,2021,20218052,베놈 2: 렛 데어 비 카니지,"베놈 2: 렛 데어 비 카니지 (<5M, 2,121,625명)",43.29360780065005,40% 이상,1998,2121625,500만미만
2021-10-17,2021,20218052,베놈 2: 렛 데어 비 카니지,"베놈 2: 렛 데어 비 카니지 (<5M, 2,121,625명)",43.08291838060187,40% 이상,1990,2121625,500만미만
2021-10-18,2021,20218052,베놈 2: 렛 데어 비 카니지,"베놈 2: 렛 데어 비 카니지 (<5M, 2,121,625명)",48.16450455423682,40% 이상,1745,2121625,500만미만
2021-10-19,2021,20218052,베놈 2: 렛 데어 비 카니지,"베놈 2: 렛 데어 비 카니지 (<5M, 2,121,625명)",46.125845033801355,40% 이상,1774,2121625,500만미만
2021-11-03,2021,20218256,이터널스,"이터널스 (<5M, 3,048,616명)",57.91956863626151,50% 이상,2578,3048616,500만미만
2021-11-04,2021,20218256,이터널스,"이터널스 (<5M, 3,048,616명)",55.81192860252503,50% 이상,2564,3048616,500만미만
2021-11-05,2021,20218256,이터널스,"이터널스 (<5M, 3,048,616명)",55.24416135881104,50% 이상,2602,3048616,500만미만
2021-11-06,2021,20218256,이터널스,"이터널스 (<5M, 3,048,616명)",52.00314218381775,50% 이상,2648,3048616,500만미만
2021-11-07,2021,20218256,이터널스,"이터널스 (<5M, 3,048,616명)",51.69206412032455,50% 이상,2612,3048616,500만미만
2021-11-08,2021,20218256,이터널스,"이터널스 (<5M, 3,048,616명)",56.30525825965565,50% 이상,2420,3048616,500만미만
2021-11-09,2021,20218256,이터널스,"이터널스 (<5M, 3,048,616명)",54.736842105263165,50% 이상,2444,3048616,500만미만
2021-11-10,2021,20218256,이터널스,"이터널스 (<5M, 3,048,616명)",41.722426073818255,40% 이상,1933,3048616,500만미만
2021-11-11,2021,20218256,이터널스,"이터널스 (<5M, 3,048,616명)",40.76759061833688,40% 이상,1912,3048616,500만미만
2021-11-15,2021,20218256,이터널스,"이터널스 (<5M, 3,048,616명)",41.40292867264998,40% 이상,1753,3048616,500만미만
2021-11-16,2021,20218256,이터널스,"이터널스 (<5M, 3,048,616명)",41.1930483795209,40% 이상,1754,3048616,500만미만
2021-12-15,2021,20210028,스파이더맨: 노 웨이 홈,"스파이더맨: 노 웨이 홈 (5M+, 7,545,831명)",65.06469500924214,50% 이상,2816,7545831,500만+
2021-12-16,2021,20210028,스파이더맨: 노 웨이 홈,"스파이더맨: 노 웨이 홈 (5M+, 7,545,831명)",62.51397897562067,50% 이상,2795,7545831,500만+
2021-12-17,2021,20210028,스파이더맨: 노 웨이 홈,"스파이더맨: 노 웨이 홈 (5M+, 7,545,831명)",62.14872460008647,50% 이상,2875,7545831,500만+
2021-12-18,2021,20210028,스파이더맨: 노 웨이 홈,"스파이더맨: 노 웨이 홈 (5M+, 7,545,831명)",62.03332630246783,50% 이상,2941,7545831,500만+
2021-12-19,2021,20210028,스파이더맨: 노 웨이 홈,"스파이더맨: 노 웨이 홈 (5M+, 7,545,831명)",61.36552872606161,50% 이상,2948,7545831,500만+
2021-12-20,2021,20210028,스파이더맨: 노 웨이 홈,"스파이더맨: 노 웨이 홈 (5M+, 7,545,831명)",65.56647940074907,50% 이상,2801,7545831,500만+
2021-12-21,2021,20210028,스파이더맨: 노 웨이 홈,"스파이더맨: 노 웨이 홈 (5M+, 7,545,831명)",64.66956322890465,50% 이상,2828,7545831,500만+
2021-12-22,2021,20210028,스파이더맨: 노 웨이 홈,"스파이더맨: 노 웨이 홈 (5M+, 7,545,831명)",42.68992932862191,40% 이상,1933,7545831,500만+
2021-12-23,2021,20210028,스파이더맨: 노 웨이 홈,"스파이더맨: 노 웨이 홈 (5M+, 7,545,831명)",43.23965479088294,40% 이상,1954,7545831,500만+
2021-12-24,2021,20210028,스파이더맨: 노 웨이 홈,"스파이더맨: 노 웨이 홈 (5M+, 7,545,831명)",46.17016762147252,40% 이상,2176,7545831,500만+
2021-12-25,2021,20210028,스파이더맨: 노 웨이 홈,"스파이더맨: 노 웨이 홈 (5M+, 7,545,831명)",45.29423040061338,40% 이상,2363,7545831,500만+
2021-12-26,2021,20210028,스파이더맨: 노 웨이 홈,"스파이더맨: 노 웨이 홈 (5M+, 7,545,831명)",46.319498825371966,40% 이상,2366,7545831,500만+
2021-12-27,2021,20210028,스파이더맨: 노 웨이 홈,"스파이더맨: 노 웨이 홈 (5M+, 7,545,831명)",48.53007688828585,40% 이상,2146,7545831,500만+
2021-12-28,2021,20210028,스파이더맨: 노 웨이 홈,"스파이더맨: 노 웨이 홈 (5M+, 7,545,831명)",47.44909130720386,40% 이상,2167,7545831,500만+
2021-12-29,2021,20210028,스파이더맨: 노 웨이 홈,"스파이더맨: 노 웨이 홈 (5M+, 7,545,831명)",43.83179575198455,40% 이상,2043,7545831,500만+
2021-12-30,2021,20210028,스파이더맨: 노 웨이 홈,"스파이더맨: 노 웨이 홈 (5M+, 7,545,831명)",44.46614583333333,40% 이상,2049,7545831,500만+
2021-12-31,2021,20210028,스파이더맨: 노 웨이 홈,"스파이더맨: 노 웨이 홈 (5M+, 7,545,831명)",43.465553235908146,40% 이상,2082,7545831,500만+
2022-01-01,2022,20210028,스파이더맨: 노 웨이 홈,"스파이더맨: 노 웨이 홈 (5M+, 7,545,831명)",43.79562043795621,40% 이상,2160,7545831,500만+
2022-01-02,2022,20210028,스파이더맨: 노 웨이 홈,"스파이더맨: 노 웨이 홈 (5M+, 7,545,831명)",43.845061853579395,40% 이상,2162,7545831,500만+
2022-01-03,2022,20210028,스파이더맨: 노 웨이 홈,"스파이더맨: 노 웨이 홈 (5M+, 7,545,831명)",47.3108043788672,40% 이상,1988,7545831,500만+
2022-01-04,2022,20210028,스파이더맨: 노 웨이 홈,"스파이더맨: 노 웨이 홈 (5M+, 7,545,831명)",47.06160018881284,40% 이상,1994,7545831,500만+
2022-03-01,2022,20212973,더 배트맨,"더 배트맨 (<5M, 901,534명)",44.57400789919127,40% 이상,2370,901534,500만미만
2022-03-02,2022,20212973,더 배트맨,"더 배트맨 (<5M, 901,534명)",49.40711462450593,40% 이상,2250,901534,500만미만
2022-03-03,2022,20212973,더 배트맨,"더 배트맨 (<5M, 901,534명)",49.75347377857463,40% 이상,2220,901534,500만미만
2022-03-04,2022,20212973,더 배트맨,"더 배트맨 (<5M, 901,534명)",47.69001490312966,40% 이상,2240,901534,500만미만
2022-03-05,2022,20212973,더 배트맨,"더 배트맨 (<5M, 901,534명)",44.15364338166071,40% 이상,2345,901534,500만미만
2022-03-06,2022,20212973,더 배트맨,"더 배트맨 (<5M, 901,534명)",43.76662865830483,40% 이상,2303,901534,500만미만
2022-03-07,2022,20212973,더 배트맨,"더 배트맨 (<5M, 901,534명)",48.04696860771627,40% 이상,2005,901534,500만미만
2022-03-08,2022,20212973,더 배트맨,"더 배트맨 (<5M, 901,534명)",46.976637654603756,40% 이상,2051,901534,500만미만
2022-04-04,2022,20204431,모비우스,"모비우스 (<5M, 475,928명)",40.58774604934849,40% 이상,1464,475928,500만미만
2022-04-13,2022,20212725,신비한 동물들과 덤블도어의 비밀,"신비한 동물들과 덤블도어의 비밀 (<5M, 1,195,322명)",44.866576209859794,40% 이상,1984,1195322,500만미만
2022-04-14,2022,20212725,신비한 동물들과 덤블도어의 비밀,"신비한 동물들과 덤블도어의 비밀 (<5M, 1,195,322명)",44.71380471380471,40% 이상,1992,1195322,500만미만
2022-04-15,2022,20212725,신비한 동물들과 덤블도어의 비밀,"신비한 동물들과 덤블도어의 비밀 (<5M, 1,195,322명)",44.02475458813487,40% 이상,2063,1195322,500만미만
2022-04-16,2022,20212725,신비한 동물들과 덤블도어의 비밀,"신비한 동물들과 덤블도어의 비밀 (<5M, 1,195,322명)",40.68952802359882,40% 이상,2207,1195322,500만미만
2022-04-17,2022,20212725,신비한 동물들과 덤블도어의 비밀,"신비한 동물들과 덤블도어의 비밀 (<5M, 1,195,322명)",40.96114135535949,40% 이상,2182,1195322,500만미만
2022-04-18,2022,20212725,신비한 동물들과 덤블도어의 비밀,"신비한 동물들과 덤블도어의 비밀 (<5M, 1,195,322명)",46.725750861644514,40% 이상,1898,1195322,500만미만
2022-04-19,2022,20212725,신비한 동물들과 덤블도어의 비밀,"신비한 동물들과 덤블도어의 비밀 (<5M, 1,195,322명)",46.019417475728154,40% 이상,1896,1195322,500만미만
2022-05-04,2022,20212855,닥터 스트레인지: 대혼돈의 멀티버스,"닥터 스트레인지: 대혼돈의 멀티버스 (5M+, 5,882,489명)",56.976497988566585,50% 이상,2691,5882489,500만+
2022-05-05,2022,20212855,닥터 스트레인지: 대혼돈의 멀티버스,"닥터 스트레인지: 대혼돈의 멀티버스 (5M+, 5,882,489명)",46.08117564730581,40% 이상,2634,5882489,500만+
2022-05-06,2022,20212855,닥터 스트레인지: 대혼돈의 멀티버스,"닥터 스트레인지: 대혼돈의 멀티버스 (5M+, 5,882,489명)",48.07127112417341,40% 이상,2617,5882489,500만+
2022-05-07,2022,20212855,닥터 스트레인지: 대혼돈의 멀티버스,"닥터 스트레인지: 대혼돈의 멀티버스 (5M+, 5,882,489명)",48.69581190301249,40% 이상,2651,5882489,500만+
2022-05-08,2022,20212855,닥터 스트레인지: 대혼돈의 멀티버스,"닥터 스트레인지: 대혼돈의 멀티버스 (5M+, 5,882,489명)",48.819921947593386,40% 이상,2627,5882489,500만+
2022-05-09,2022,20212855,닥터 스트레인지: 대혼돈의 멀티버스,"닥터 스트레인지: 대혼돈의 멀티버스 (5M+, 5,882,489명)",55.01661129568106,50% 이상,2484,5882489,500만+
2022-05-10,2022,20212855,닥터 스트레인지: 대혼돈의 멀티버스,"닥터 스트레인지: 대혼돈의 멀티버스 (5M+, 5,882,489명)",55.95773381294964,50% 이상,2489,5882489,500만+
2022-05-11,2022,20212855,닥터 스트레인지: 대혼돈의 멀티버스,"닥터 스트레인지: 대혼돈의 멀티버스 (5M+, 5,882,489명)",49.656946826758144,40% 이상,2316,5882489,500만+
2022-05-12,2022,20212855,닥터 스트레인지: 대혼돈의 멀티버스,"닥터 스트레인지: 대혼돈의 멀티버스 (5M+, 5,882,489명)",50.98944591029023,50% 이상,2319,5882489,500만+
2022-05-13,2022,20212855,닥터 스트레인지: 대혼돈의 멀티버스,"닥터 스트레인지: 대혼돈의 멀티버스 (5M+, 5,882,489명)",48.64141622066694,40% 이상,2363,5882489,500만+
2022-05-14,2022,20212855,닥터 스트레인지: 대혼돈의 멀티버스,"닥터 스트레인지: 대혼돈의 멀티버스 (5M+, 5,882,489명)",42.03167115902965,40% 이상,2495,5882489,500만+
2022-05-15,2022,20212855,닥터 스트레인지: 대혼돈의 멀티버스,"닥터 스트레인지: 대혼돈의 멀티버스 (5M+, 5,882,489명)",42.3563611491108,40% 이상,2477,5882489,500만+
2022-05-16,2022,20212855,닥터 스트레인지: 대혼돈의 멀티버스,"닥터 스트레인지: 대혼돈의 멀티버스 (5M+, 5,882,489명)",51.51653363740023,50% 이상,2259,5882489,500만+
2022-05-17,2022,20212855,닥터 스트레인지: 대혼돈의 멀티버스,"닥터 스트레인지: 대혼돈의 멀티버스 (5M+, 5,882,489명)",54.81695568400771,50% 이상,2276,5882489,500만+
2022-05-18,2022,20204548,범죄도시2,"범죄도시2 (10M+, 12,686,210명)",56.68449197860963,50% 이상,2226,12686210,1000만+
2022-05-19,2022,20204548,범죄도시2,"범죄도시2 (10M+, 12,686,210명)",59.26122774382142,50% 이상,2230,12686210,1000만+
2022-05-20,2022,20204548,범죄도시2,"범죄도시2 (10M+, 12,686,210명)",59.265734265734274,50% 이상,2373,12686210,1000만+
2022-05-21,2022,20204548,범죄도시2,"범죄도시2 (10M+, 12,686,210명)",56.4137308039747,50% 이상,2498,12686210,1000만+
2022-05-22,2022,20204548,범죄도시2,"범죄도시2 (10M+, 12,686,210명)",56.85649202733485,50% 이상,2496,12686210,1000만+
2022-05-23,2022,20204548,범죄도시2,"범죄도시2 (10M+, 12,686,210명)",61.11259695105643,50% 이상,2285,12686210,1000만+
2022-05-24,2022,20204548,범죄도시2,"범죄도시2 (10M+, 12,686,210명)",62.274319590406904,50% 이상,2311,12686210,1000만+
2022-05-25,2022,20204548,범죄도시2,"범죄도시2 (10M+, 12,686,210명)",56.79012345679012,50% 이상,2392,12686210,1000만+
2022-05-26,2022,20204548,범죄도시2,"범죄도시2 (10M+, 12,686,210명)",56.65236051502146,50% 이상,2376,12686210,1000만+
2022-05-27,2022,20204548,범죄도시2,"범죄도시2 (10M+, 12,686,210명)",55.96393897364771,50% 이상,2421,12686210,1000만+
2022-05-28,2022,20204548,범죄도시2,"범죄도시2 (10M+, 12,686,210명)",54.06390735577954,50% 이상,2521,12686210,1000만+
2022-05-29,2022,20204548,범죄도시2,"범죄도시2 (10M+, 12,686,210명)",53.61702127659574,50% 이상,2520,12686210,1000만+
2022-05-30,2022,20204548,범죄도시2,"범죄도시2 (10M+, 12,686,210명)",57.16711132670385,50% 이상,2357,12686210,1000만+
2022-05-31,2022,20204548,범죄도시2,"범죄도시2 (10M+, 12,686,210명)",59.052993130520115,50% 이상,2407,12686210,1000만+
2022-06-01,2022,20206061,쥬라기 월드: 도미니언,"쥬라기 월드: 도미니언 (<5M, 2,833,242명)",41.29584807298455,40% 이상,2218,2833242,500만미만
2022-06-02,2022,20206061,쥬라기 월드: 도미니언,"쥬라기 월드: 도미니언 (<5M, 2,833,242명)",46.21581513673945,40% 이상,2180,2833242,500만미만
2022-06-03,2022,20206061,쥬라기 월드: 도미니언,"쥬라기 월드: 도미니언 (<5M, 2,833,242명)",43.50806451612903,40% 이상,2158,2833242,500만미만
2022-06-07,2022,20206061,쥬라기 월드: 도미니언,"쥬라기 월드: 도미니언 (<5M, 2,833,242명)",40.51959890610757,40% 이상,1778,2833242,500만미만
2022-06-22,2022,20194376,탑건: 매버릭,"탑건: 매버릭 (5M+, 8,275,966명)",41.9231585650605,40% 이상,1975,8275966,500만+
2022-07-06,2022,20224662,토르: 러브 앤 썬더,"토르: 러브 앤 썬더 (<5M, 2,711,862명)",42.97172648887106,40% 이상,2143,2711862,500만미만
2022-07-07,2022,20224662,토르: 러브 앤 썬더,"토르: 러브 앤 썬더 (<5M, 2,711,862명)",41.723446893787575,40% 이상,2082,2711862,500만미만
2022-07-08,2022,20224662,토르: 러브 앤 썬더,"토르: 러브 앤 썬더 (<5M, 2,711,862명)",40.02349716075974,40% 이상,2044,2711862,500만미만
2022-07-27,2022,20209343,한산: 용의 출현,"한산: 용의 출현 (5M+, 7,252,467명)",41.935483870967744,40% 이상,2223,7252467,500만+
2022-09-07,2022,20215601,공조2: 인터내셔날,"공조2: 인터내셔날 (5M+, 6,979,189명)",47.64628244610647,40% 이상,2166,6979189,500만+
2022-09-08,2022,20215601,공조2: 인터내셔날,"공조2: 인터내셔날 (5M+, 6,979,189명)",43.65269461077844,40% 이상,2187,6979189,500만+
2022-09-11,2022,20215601,공조2: 인터내셔날,"공조2: 인터내셔날 (5M+, 6,979,189명)",41.04105823741625,40% 이상,2389,6979189,500만+
2022-09-13,2022,20215601,공조2: 인터내셔날,"공조2: 인터내셔날 (5M+, 6,979,189명)",43.01833568406206,40% 이상,2135,6979189,500만+
2022-09-14,2022,20215601,공조2: 인터내셔날,"공조2: 인터내셔날 (5M+, 6,979,189명)",45.866437620785916,40% 이상,2136,6979189,500만+
2022-09-15,2022,20215601,공조2: 인터내셔날,"공조2: 인터내셔날 (5M+, 6,979,189명)",47.17232202262142,40% 이상,2127,6979189,500만+
2022-09-16,2022,20215601,공조2: 인터내셔날,"공조2: 인터내셔날 (5M+, 6,979,189명)",45.710654522346964,40% 이상,2158,6979189,500만+
2022-09-17,2022,20215601,공조2: 인터내셔날,"공조2: 인터내셔날 (5M+, 6,979,189명)",44.03543307086614,40% 이상,2237,6979189,500만+
2022-09-18,2022,20215601,공조2: 인터내셔날,"공조2: 인터내셔날 (5M+, 6,979,189명)",44.813695871097686,40% 이상,2225,6979189,500만+
2022-09-19,2022,20215601,공조2: 인터내셔날,"공조2: 인터내셔날 (5M+, 6,979,189명)",52.85966238347191,50% 이상,2098,6979189,500만+
2022-09-20,2022,20215601,공조2: 인터내셔날,"공조2: 인터내셔날 (5M+, 6,979,189명)",52.64603095356964,50% 이상,2109,6979189,500만+
2022-09-26,2022,20215601,공조2: 인터내셔날,"공조2: 인터내셔날 (5M+, 6,979,189명)",40.26077700904737,40% 이상,1513,6979189,500만+
2022-11-09,2022,20226254,블랙 팬서: 와칸다 포에버,"블랙 팬서: 와칸다 포에버 (<5M, 2,102,015명)",52.988458367683435,50% 이상,2571,2102015,500만미만
2022-11-10,2022,20226254,블랙 팬서: 와칸다 포에버,"블랙 팬서: 와칸다 포에버 (<5M, 2,102,015명)",55.183727034120736,50% 이상,2523,2102015,500만미만
2022-11-11,2022,20226254,블랙 팬서: 와칸다 포에버,"블랙 팬서: 와칸다 포에버 (<5M, 2,102,015명)",52.27600411946447,50% 이상,2538,2102015,500만미만
2022-11-12,2022,20226254,블랙 팬서: 와칸다 포에버,"블랙 팬서: 와칸다 포에버 (<5M, 2,102,015명)",48.88931813791771,40% 이상,2531,2102015,500만미만
2022-11-13,2022,20226254,블랙 팬서: 와칸다 포에버,"블랙 팬서: 와칸다 포에버 (<5M, 2,102,015명)",48.70406189555126,40% 이상,2518,2102015,500만미만
2022-11-14,2022,20226254,블랙 팬서: 와칸다 포에버,"블랙 팬서: 와칸다 포에버 (<5M, 2,102,015명)",50.87450808919982,50% 이상,2327,2102015,500만미만
2022-11-15,2022,20226254,블랙 팬서: 와칸다 포에버,"블랙 팬서: 와칸다 포에버 (<5M, 2,102,015명)",50.77888360017309,50% 이상,2347,2102015,500만미만
2022-12-14,2022,20225061,아바타: 물의 길,"아바타: 물의 길 (10M+, 10,809,520명)",56.653838363378576,50% 이상,2797,10809520,1000만+
2022-12-15,2022,20225061,아바타: 물의 길,"아바타: 물의 길 (10M+, 10,809,520명)",56.75566343042071,50% 이상,2806,10809520,1000만+
2022-12-16,2022,20225061,아바타: 물의 길,"아바타: 물의 길 (10M+, 10,809,520명)",55.45903257650543,50% 이상,2809,10809520,1000만+
2022-12-17,2022,20225061,아바타: 물의 길,"아바타: 물의 길 (10M+, 10,809,520명)",51.830621301775146,50% 이상,2803,10809520,1000만+
2022-12-18,2022,20225061,아바타: 물의 길,"아바타: 물의 길 (10M+, 10,809,520명)",51.83871569908531,50% 이상,2777,10809520,1000만+
2022-12-19,2022,20225061,아바타: 물의 길,"아바타: 물의 길 (10M+, 10,809,520명)",56.8177028451001,50% 이상,2696,10809520,1000만+
2022-12-20,2022,20225061,아바타: 물의 길,"아바타: 물의 길 (10M+, 10,809,520명)",56.11317637339942,50% 이상,2717,10809520,1000만+
2022-12-21,2022,20225061,아바타: 물의 길,"아바타: 물의 길 (10M+, 10,809,520명)",44.02163028239535,40% 이상,2198,10809520,1000만+
2022-12-22,2022,20225061,아바타: 물의 길,"아바타: 물의 길 (10M+, 10,809,520명)",41.84504641030498,40% 이상,2209,10809520,1000만+
2022-12-23,2022,20225061,아바타: 물의 길,"아바타: 물의 길 (10M+, 10,809,520명)",42.277955874033566,40% 이상,2242,10809520,1000만+
2023-02-15,2023,20230209,앤트맨과 와스프: 퀀텀매니아,"앤트맨과 와스프: 퀀텀매니아 (<5M, 1,544,233명)",40.030645470216434,40% 이상,2090,1544233,500만미만
2023-02-16,2023,20230209,앤트맨과 와스프: 퀀텀매니아,"앤트맨과 와스프: 퀀텀매니아 (<5M, 1,544,233명)",40.86499595796281,40% 이상,2022,1544233,500만미만
2023-05-31,2023,20226411,범죄도시3,"범죄도시3 (10M+, 10,675,973명)",45.928529584065615,40% 이상,2352,10675973,1000만+
2023-06-01,2023,20226411,범죄도시3,"범죄도시3 (10M+, 10,675,973명)",44.60658647209623,40% 이상,2262,10675973,1000만+
2023-06-02,2023,20226411,범죄도시3,"범죄도시3 (10M+, 10,675,973명)",45.07474128018398,40% 이상,2352,10675973,1000만+
2023-06-03,2023,20226411,범죄도시3,"범죄도시3 (10M+, 10,675,973명)",43.24958123953099,40% 이상,2582,10675973,1000만+
2023-06-04,2023,20226411,범죄도시3,"범죄도시3 (10M+, 10,675,973명)",43.017602682313495,40% 이상,2566,10675973,1000만+
2023-06-05,2023,20226411,범죄도시3,"범죄도시3 (10M+, 10,675,973명)",43.5016111707841,40% 이상,2430,10675973,1000만+
2023-06-06,2023,20226411,범죄도시3,"범죄도시3 (10M+, 10,675,973명)",41.93304331378854,40% 이상,2217,10675973,1000만+
2023-06-07,2023,20226411,범죄도시3,"범죄도시3 (10M+, 10,675,973명)",44.769427839453456,40% 이상,2097,10675973,1000만+
2023-06-08,2023,20226411,범죄도시3,"범죄도시3 (10M+, 10,675,973명)",46.058091286307054,40% 이상,2109,10675973,1000만+
2023-06-09,2023,20226411,범죄도시3,"범죄도시3 (10M+, 10,675,973명)",44.13233458177279,40% 이상,2121,10675973,1000만+
2023-06-10,2023,20226411,범죄도시3,"범죄도시3 (10M+, 10,675,973명)",41.58510842448666,40% 이상,2167,10675973,1000만+
2023-06-11,2023,20226411,범죄도시3,"범죄도시3 (10M+, 10,675,973명)",41.6569654637175,40% 이상,2147,10675973,1000만+
2023-06-12,2023,20226411,범죄도시3,"범죄도시3 (10M+, 10,675,973명)",45.356072827840514,40% 이상,1968,10675973,1000만+
2023-06-13,2023,20226411,범죄도시3,"범죄도시3 (10M+, 10,675,973명)",43.310896087505256,40% 이상,2059,10675973,1000만+
2023-07-12,2023,20232631,미션 임파서블: 데드 레코닝 PART ONE,"미션 임파서블: 데드 레코닝 PART ONE (<5M, 4,015,548명)",46.8113714944295,40% 이상,2437,4015548,500만미만
2023-07-13,2023,20232631,미션 임파서블: 데드 레코닝 PART ONE,"미션 임파서블: 데드 레코닝 PART ONE (<5M, 4,015,548명)",47.12328767123288,40% 이상,2408,4015548,500만미만
2023-07-14,2023,20232631,미션 임파서블: 데드 레코닝 PART ONE,"미션 임파서블: 데드 레코닝 PART ONE (<5M, 4,015,548명)",44.94675882682608,40% 이상,2406,4015548,500만미만
2023-07-15,2023,20232631,미션 임파서블: 데드 레코닝 PART ONE,"미션 임파서블: 데드 레코닝 PART ONE (<5M, 4,015,548명)",41.89630166787527,40% 이상,2311,4015548,500만미만
2023-07-16,2023,20232631,미션 임파서블: 데드 레코닝 PART ONE,"미션 임파서블: 데드 레코닝 PART ONE (<5M, 4,015,548명)",41.55368266764383,40% 이상,2268,4015548,500만미만
2023-07-17,2023,20232631,미션 임파서블: 데드 레코닝 PART ONE,"미션 임파서블: 데드 레코닝 PART ONE (<5M, 4,015,548명)",45.14603044014809,40% 이상,2195,4015548,500만미만
2023-07-18,2023,20232631,미션 임파서블: 데드 레코닝 PART ONE,"미션 임파서블: 데드 레코닝 PART ONE (<5M, 4,015,548명)",44.759206798866856,40% 이상,2212,4015548,500만미만
2023-11-22,2023,20212866,서울의 봄,"서울의 봄 (10M+, 13,119,454명)",48.949771689497716,40% 이상,2144,13119454,1000만+
2023-11-23,2023,20212866,서울의 봄,"서울의 봄 (10M+, 13,119,454명)",45.01145594667778,40% 이상,2161,13119454,1000만+
2023-11-24,2023,20212866,서울의 봄,"서울의 봄 (10M+, 13,119,454명)",44.257028112449795,40% 이상,2204,13119454,1000만+
2023-11-25,2023,20212866,서울의 봄,"서울의 봄 (10M+, 13,119,454명)",42.94433142223044,40% 이상,2322,13119454,1000만+
2023-11-26,2023,20212866,서울의 봄,"서울의 봄 (10M+, 13,119,454명)",44.32597105864433,40% 이상,2328,13119454,1000만+
2023-11-27,2023,20212866,서울의 봄,"서울의 봄 (10M+, 13,119,454명)",48.36630362302734,40% 이상,2176,13119454,1000만+
2023-11-28,2023,20212866,서울의 봄,"서울의 봄 (10M+, 13,119,454명)",47.69099808469887,40% 이상,2241,13119454,1000만+
2023-11-29,2023,20212866,서울의 봄,"서울의 봄 (10M+, 13,119,454명)",45.3586934050031,40% 이상,2194,13119454,1000만+
2023-11-30,2023,20212866,서울의 봄,"서울의 봄 (10M+, 13,119,454명)",40.91523460127438,40% 이상,2119,13119454,1000만+
2023-12-01,2023,20212866,서울의 봄,"서울의 봄 (10M+, 13,119,454명)",43.87382188882478,40% 이상,2281,13119454,1000만+
2023-12-02,2023,20212866,서울의 봄,"서울의 봄 (10M+, 13,119,454명)",43.83783783783784,40% 이상,2433,13119454,1000만+
2023-12-03,2023,20212866,서울의 봄,"서울의 봄 (10M+, 13,119,454명)",42.239753044074774,40% 이상,2463,13119454,1000만+
2023-12-04,2023,20212866,서울의 봄,"서울의 봄 (10M+, 13,119,454명)",47.78067885117493,40% 이상,2196,13119454,1000만+
2023-12-05,2023,20212866,서울의 봄,"서울의 봄 (10M+, 13,119,454명)",48.15538194444444,40% 이상,2219,13119454,1000만+
2023-12-06,2023,20212866,서울의 봄,"서울의 봄 (10M+, 13,119,454명)",40.27269027269027,40% 이상,1979,13119454,1000만+
2023-12-07,2023,20212866,서울의 봄,"서울의 봄 (10M+, 13,119,454명)",40.011867088607595,40% 이상,2023,13119454,1000만+
2023-12-08,2023,20212866,서울의 봄,"서울의 봄 (10M+, 13,119,454명)",40.874524714828894,40% 이상,2150,13119454,1000만+
2023-12-11,2023,20212866,서울의 봄,"서울의 봄 (10M+, 13,119,454명)",41.98659354052407,40% 이상,2067,13119454,1000만+
2023-12-12,2023,20212866,서울의 봄,"서울의 봄 (10M+, 13,119,454명)",42.45976554738725,40% 이상,2137,13119454,1000만+
2024-02-24,2024,20234675,파묘,"파묘 (10M+, 11,902,097명)",42.37135660309464,40% 이상,2355,11902097,1000만+
2024-02-25,2024,20234675,파묘,"파묘 (10M+, 11,902,097명)",42.094897045658016,40% 이상,2351,11902097,1000만+
2024-02-26,2024,20234675,파묘,"파묘 (10M+, 11,902,097명)",42.35507978186225,40% 이상,2097,11902097,1000만+
2024-02-27,2024,20234675,파묘,"파묘 (10M+, 11,902,097명)",42.92575545327196,40% 이상,2145,11902097,1000만+
2024-03-01,2024,20234675,파묘,"파묘 (10M+, 11,902,097명)",41.32452695465905,40% 이상,2315,11902097,1000만+
2024-03-02,2024,20234675,파묘,"파묘 (10M+, 11,902,097명)",41.99787083037616,40% 이상,2367,11902097,1000만+
2024-03-03,2024,20234675,파묘,"파묘 (10M+, 11,902,097명)",42.20396499374888,40% 이상,2363,11902097,1000만+
2024-03-04,2024,20234675,파묘,"파묘 (10M+, 11,902,097명)",42.269076305220885,40% 이상,2105,11902097,1000만+
2024-03-05,2024,20234675,파묘,"파묘 (10M+, 11,902,097명)",43.58766233766234,40% 이상,2148,11902097,1000만+
2024-04-24,2024,20228797,범죄도시4,"범죄도시4 (10M+, 11,495,435명)",62.18166383701188,50% 이상,2930,11495435,1000만+
2024-04-25,2024,20228797,범죄도시4,"범죄도시4 (10M+, 11,495,435명)",60.76003415883861,50% 이상,2846,11495435,1000만+
2024-04-26,2024,20228797,범죄도시4,"범죄도시4 (10M+, 11,495,435명)",59.788469514724184,50% 이상,2883,11495435,1000만+
2024-04-27,2024,20228797,범죄도시4,"범죄도시4 (10M+, 11,495,435명)",60.2141846837745,50% 이상,2980,11495435,1000만+
2024-04-28,2024,20228797,범죄도시4,"범죄도시4 (10M+, 11,495,435명)",60.35358666937615,50% 이상,2970,11495435,1000만+
2024-04-29,2024,20228797,범죄도시4,"범죄도시4 (10M+, 11,495,435명)",62.03328834907782,50% 이상,2758,11495435,1000만+
2024-04-30,2024,20228797,범죄도시4,"범죄도시4 (10M+, 11,495,435명)",60.89868222078203,50% 이상,2819,11495435,1000만+
2024-05-01,2024,20228797,범죄도시4,"범죄도시4 (10M+, 11,495,435명)",48.851925510757546,40% 이상,2702,11495435,1000만+
2024-05-02,2024,20228797,범죄도시4,"범죄도시4 (10M+, 11,495,435명)",54.19551934826884,50% 이상,2661,11495435,1000만+
2024-05-03,2024,20228797,범죄도시4,"범죄도시4 (10M+, 11,495,435명)",52.80046674445741,50% 이상,2715,11495435,1000만+
2024-05-04,2024,20228797,범죄도시4,"범죄도시4 (10M+, 11,495,435명)",48.63406994953889,40% 이상,2795,11495435,1000만+
2024-05-05,2024,20228797,범죄도시4,"범죄도시4 (10M+, 11,495,435명)",46.04674291397315,40% 이상,2778,11495435,1000만+
2024-05-06,2024,20228797,범죄도시4,"범죄도시4 (10M+, 11,495,435명)",47.1244635193133,40% 이상,2745,11495435,1000만+
2024-05-07,2024,20228797,범죄도시4,"범죄도시4 (10M+, 11,495,435명)",55.19828510182207,50% 이상,2575,11495435,1000만+
2024-05-08,2024,20228797,범죄도시4,"범죄도시4 (10M+, 11,495,435명)",40.815502624142106,40% 이상,2022,11495435,1000만+
2024-05-09,2024,20228797,범죄도시4,"범죄도시4 (10M+, 11,495,435명)",42.4306584797798,40% 이상,2004,11495435,1000만+
2024-05-10,2024,20228797,범죄도시4,"범죄도시4 (10M+, 11,495,435명)",40.98690835850957,40% 이상,2035,11495435,1000만+
2024-05-13,2024,20228797,범죄도시4,"범죄도시4 (10M+, 11,495,435명)",42.81256964564297,40% 이상,1921,11495435,1000만+
2024-05-14,2024,20228797,범죄도시4,"범죄도시4 (10M+, 11,495,435명)",42.02434336963485,40% 이상,1968,11495435,1000만+
2024-06-13,2024,20235974,인사이드 아웃 2,"인사이드 아웃 2 (5M+, 8,760,451명)",41.590154327017,40% 이상,2129,8760451,500만+
2024-06-14,2024,20235974,인사이드 아웃 2,"인사이드 아웃 2 (5M+, 8,760,451명)",41.95870430005683,40% 이상,2215,8760451,500만+
2024-06-15,2024,20235974,인사이드 아웃 2,"인사이드 아웃 2 (5M+, 8,760,451명)",44.4272711660656,40% 이상,2587,8760451,500만+
2024-06-16,2024,20235974,인사이드 아웃 2,"인사이드 아웃 2 (5M+, 8,760,451명)",45.555748825882766,40% 이상,2619,8760451,500만+
2024-06-17,2024,20235974,인사이드 아웃 2,"인사이드 아웃 2 (5M+, 8,760,451명)",42.75288870869653,40% 이상,2109,8760451,500만+
2024-06-18,2024,20235974,인사이드 아웃 2,"인사이드 아웃 2 (5M+, 8,760,451명)",43.06672025723473,40% 이상,2143,8760451,500만+
2024-06-19,2024,20235974,인사이드 아웃 2,"인사이드 아웃 2 (5M+, 8,760,451명)",44.686765020312166,40% 이상,2090,8760451,500만+
2024-06-20,2024,20235974,인사이드 아웃 2,"인사이드 아웃 2 (5M+, 8,760,451명)",43.494657448145816,40% 이상,2076,8760451,500만+
2024-06-21,2024,20235974,인사이드 아웃 2,"인사이드 아웃 2 (5M+, 8,760,451명)",41.47033158813264,40% 이상,1901,8760451,500만+
2024-06-22,2024,20235974,인사이드 아웃 2,"인사이드 아웃 2 (5M+, 8,760,451명)",50.74752579490419,50% 이상,2410,8760451,500만+
2024-06-23,2024,20235974,인사이드 아웃 2,"인사이드 아웃 2 (5M+, 8,760,451명)",49.79140592407176,40% 이상,2387,8760451,500만+
2024-06-24,2024,20235974,인사이드 아웃 2,"인사이드 아웃 2 (5M+, 8,760,451명)",40.69952305246423,40% 이상,1792,8760451,500만+
2024-09-13,2024,20239670,베테랑2,"베테랑2 (5M+, 7,514,196명)",53.704445334401285,50% 이상,2682,7514196,500만+
2024-09-14,2024,20239670,베테랑2,"베테랑2 (5M+, 7,514,196명)",49.28874930722335,40% 이상,2668,7514196,500만+
2024-09-15,2024,20239670,베테랑2,"베테랑2 (5M+, 7,514,196명)",48.64425162689805,40% 이상,2691,7514196,500만+
2024-09-16,2024,20239670,베테랑2,"베테랑2 (5M+, 7,514,196명)",49.04109589041096,40% 이상,2685,7514196,500만+
2024-09-17,2024,20239670,베테랑2,"베테랑2 (5M+, 7,514,196명)",49.00310956648985,40% 이상,2679,7514196,500만+
2024-09-18,2024,20239670,베테랑2,"베테랑2 (5M+, 7,514,196명)",52.034597994888934,50% 이상,2647,7514196,500만+
2024-09-19,2024,20239670,베테랑2,"베테랑2 (5M+, 7,514,196명)",54.870641169853776,50% 이상,2439,7514196,500만+
2024-09-20,2024,20239670,베테랑2,"베테랑2 (5M+, 7,514,196명)",55.83802024746907,50% 이상,2482,7514196,500만+
2024-09-21,2024,20239670,베테랑2,"베테랑2 (5M+, 7,514,196명)",50.480769230769226,50% 이상,2520,7514196,500만+
2024-09-22,2024,20239670,베테랑2,"베테랑2 (5M+, 7,514,196명)",50.34274193548387,50% 이상,2497,7514196,500만+
2024-09-23,2024,20239670,베테랑2,"베테랑2 (5M+, 7,514,196명)",55.77660594439118,50% 이상,2327,7514196,500만+
2024-09-24,2024,20239670,베테랑2,"베테랑2 (5M+, 7,514,196명)",54.385150812064964,50% 이상,2344,7514196,500만+
2024-09-25,2024,20239670,베테랑2,"베테랑2 (5M+, 7,514,196명)",45.2991452991453,40% 이상,2120,7514196,500만+
2024-09-26,2024,20239670,베테랑2,"베테랑2 (5M+, 7,514,196명)",44.92817679558011,40% 이상,2033,7514196,500만+
2024-09-27,2024,20239670,베테랑2,"베테랑2 (5M+, 7,514,196명)",42.75760135135135,40% 이상,2025,7514196,500만+
2024-09-30,2024,20239670,베테랑2,"베테랑2 (5M+, 7,514,196명)",43.74277122368726,40% 이상,1891,7514196,500만+
2025-04-16,2025,20232394,야당,"야당 (<5M, 3,370,806명)",44.500264410364885,40% 이상,1683,3370806,500만미만
2025-04-17,2025,20232394,야당,"야당 (<5M, 3,370,806명)",42.9006858013716,40% 이상,1689,3370806,500만미만
2025-04-18,2025,20232394,야당,"야당 (<5M, 3,370,806명)",41.55164207520228,40% 이상,1746,3370806,500만미만
2025-04-19,2025,20232394,야당,"야당 (<5M, 3,370,806명)",43.30524344569288,40% 이상,1850,3370806,500만미만
2025-04-20,2025,20232394,야당,"야당 (<5M, 3,370,806명)",40.17056636781107,40% 이상,1837,3370806,500만미만
2025-04-21,2025,20232394,야당,"야당 (<5M, 3,370,806명)",44.63032919589855,40% 이상,1654,3370806,500만미만
2025-04-22,2025,20232394,야당,"야당 (<5M, 3,370,806명)",43.154915079773545,40% 이상,1677,3370806,500만미만
2025-04-23,2025,20232394,야당,"야당 (<5M, 3,370,806명)",45.55820737204985,40% 이상,1718,3370806,500만미만
2025-04-24,2025,20232394,야당,"야당 (<5M, 3,370,806명)",47.15359828141783,40% 이상,1756,3370806,500만미만
2025-04-25,2025,20232394,야당,"야당 (<5M, 3,370,806명)",45.49595141700405,40% 이상,1798,3370806,500만미만
2025-05-17,2025,20246489,미션 임파서블: 파이널 레코닝,"미션 임파서블: 파이널 레코닝 (<5M, 3,380,750명)",41.959887403237154,40% 이상,2385,3380750,500만미만
2025-05-18,2025,20246489,미션 임파서블: 파이널 레코닝,"미션 임파서블: 파이널 레코닝 (<5M, 3,380,750명)",42.339433082167204,40% 이상,2360,3380750,500만미만
2025-05-19,2025,20246489,미션 임파서블: 파이널 레코닝,"미션 임파서블: 파이널 레코닝 (<5M, 3,380,750명)",41.971095945403455,40% 이상,2091,3380750,500만미만
2025-05-20,2025,20246489,미션 임파서블: 파이널 레코닝,"미션 임파서블: 파이널 레코닝 (<5M, 3,380,750명)",42.513422151521176,40% 이상,2138,3380750,500만미만
2025-05-26,2025,20246489,미션 임파서블: 파이널 레코닝,"미션 임파서블: 파이널 레코닝 (<5M, 3,380,750명)",40.507436570428695,40% 이상,1852,3380750,500만미만
2025-05-27,2025,20246489,미션 임파서블: 파이널 레코닝,"미션 임파서블: 파이널 레코닝 (<5M, 3,380,750명)",40.946771378708554,40% 이상,1877,3380750,500만미만
2025-05-29,2025,20246489,미션 임파서블: 파이널 레코닝,"미션 임파서블: 파이널 레코닝 (<5M, 3,380,750명)",40.442439862542955,40% 이상,1883,3380750,500만미만
2025-08-22,2025,20253289,극장판 귀멸의 칼날: 무한성편,"극장판 귀멸의 칼날: 무한성편 (5M+, 5,809,650명)",42.579210672595885,40% 이상,2298,5809650,500만+
2025-08-25,2025,20253289,극장판 귀멸의 칼날: 무한성편,"극장판 귀멸의 칼날: 무한성편 (5M+, 5,809,650명)",40.22804560912183,40% 이상,2011,5809650,500만+
2025-09-24,2025,20243561,어쩔수가없다,"어쩔수가없다 (<5M, 2,925,401명)",40.46707503828484,40% 이상,2114,2925401,500만미만
2025-11-29,2025,20252432,주토피아 2,"주토피아 2 (5M+, 8,604,180명)",43.35091868291796,40% 이상,2383,8604180,500만+
2025-11-30,2025,20252432,주토피아 2,"주토피아 2 (5M+, 8,604,180명)",42.539055485724546,40% 이상,2369,8604180,500만+
2025-12-17,2025,20256396,아바타: 불과 재,"아바타: 불과 재 (5M+, 6,731,026명)",51.47527910685805,50% 이상,2582,6731026,500만+
2025-12-18,2025,20256396,아바타: 불과 재,"아바타: 불과 재 (5M+, 6,731,026명)",50.32757593805837,50% 이상,2535,6731026,500만+
2025-12-19,2025,20256396,아바타: 불과 재,"아바타: 불과 재 (5M+, 6,731,026명)",48.74927283304247,40% 이상,2514,6731026,500만+
2025-12-20,2025,20256396,아바타: 불과 재,"아바타: 불과 재 (5M+, 6,731,026명)",44.330855018587364,40% 이상,2385,6731026,500만+
2025-12-21,2025,20256396,아바타: 불과 재,"아바타: 불과 재 (5M+, 6,731,026명)",44.30521787918459,40% 이상,2369,6731026,500만+
2025-12-22,2025,20256396,아바타: 불과 재,"아바타: 불과 재 (5M+, 6,731,026명)",47.32744107744108,40% 이상,2249,6731026,500만+
2025-12-23,2025,20256396,아바타: 불과 재,"아바타: 불과 재 (5M+, 6,731,026명)",46.86536485097636,40% 이상,2280,6731026,500만+
2026-02-28,2026,20242837,왕과 사는 남자,"왕과 사는 남자 (10M+, 16,883,801명)",40.219208619728775,40% 이상,2165,16883801,1000만+
2026-03-03,2026,20242837,왕과 사는 남자,"왕과 사는 남자 (10M+, 16,883,801명)",41.07713372889092,40% 이상,1800,16883801,1000만+
2026-03-07,2026,20242837,왕과 사는 남자,"왕과 사는 남자 (10M+, 16,883,801명)",42.05734211545912,40% 이상,2171,16883801,1000만+
2026-03-08,2026,20242837,왕과 사는 남자,"왕과 사는 남자 (10M+, 16,883,801명)",42.56520046710782,40% 이상,2187,16883801,1000만+
2026-03-09,2026,20242837,왕과 사는 남자,"왕과 사는 남자 (10M+, 16,883,801명)",42.699271102751,40% 이상,1816,16883801,1000만+
2026-03-10,2026,20242837,왕과 사는 남자,"왕과 사는 남자 (10M+, 16,883,801명)",41.00529100529101,40% 이상,1860,16883801,1000만+
2026-03-11,2026,20242837,왕과 사는 남자,"왕과 사는 남자 (10M+, 16,883,801명)",45.77514792899408,40% 이상,1934,16883801,1000만+
2026-03-12,2026,20242837,왕과 사는 남자,"왕과 사는 남자 (10M+, 16,883,801명)",45.677570093457945,40% 이상,1955,16883801,1000만+
2026-03-13,2026,20242837,왕과 사는 남자,"왕과 사는 남자 (10M+, 16,883,801명)",50.024570024570025,50% 이상,2036,16883801,1000만+
2026-03-14,2026,20242837,왕과 사는 남자,"왕과 사는 남자 (10M+, 16,883,801명)",50.43478260869565,50% 이상,2262,16883801,1000만+
2026-03-15,2026,20242837,왕과 사는 남자,"왕과 사는 남자 (10M+, 16,883,801명)",51.76991150442478,50% 이상,2223,16883801,1000만+
2026-03-16,2026,20242837,왕과 사는 남자,"왕과 사는 남자 (10M+, 16,883,801명)",51.00917431192661,50% 이상,1946,16883801,1000만+
2026-03-17,2026,20242837,왕과 사는 남자,"왕과 사는 남자 (10M+, 16,883,801명)",48.617283950617285,40% 이상,1969,16883801,1000만+
2026-05-21,2026,20252402,군체,"군체 (<5M, 2,018,610명)",41.60135564499047,40% 이상,1964,2018610,500만미만
2026-05-22,2026,20252402,군체,"군체 (<5M, 2,018,610명)",40.023706045041486,40% 이상,2026,2018610,500만미만
