date,year,quarter,rank,movie_cd,movie_nm,screen_count,show_count,audience_cnt,audience_acc,screen_share
2020-02-03,2020,2020Q1,1,20180939,남산의 부장들,1332,6290,56645,4308237,30.57149414734909
2020-02-04,2020,2020Q1,1,20180939,남산의 부장들,1319,6081,48874,4357111,30.581961511708787
2020-06-04,2020,2020Q2,1,20197863,침입자,1241,4455,49583,50416,37.74330900243309
2020-06-05,2020,2020Q2,1,20197863,침입자,1272,4572,48457,98873,38.48714069591528
2020-06-06,2020,2020Q2,1,20197863,침입자,1365,5504,100872,199745,35.44533887301999
2020-06-07,2020,2020Q2,1,20197863,침입자,1357,5464,89180,288925,36.80499050718741
2020-06-08,2020,2020Q2,1,20197863,침입자,1224,4182,27589,316514,43.14416637292915
2020-06-09,2020,2020Q2,1,20197863,침입자,1231,4077,24207,340721,43.65248226950354
2020-06-15,2020,2020Q2,1,20183813,결백,1009,3309,26238,341102,31.79955877718248
2020-06-16,2020,2020Q2,1,20183813,결백,1005,3249,24560,365662,30.510018214936245
2020-06-24,2020,2020Q2,1,20193069,#살아있다,1662,7223,204066,208072,40.62576387191395
2020-06-25,2020,2020Q2,1,20193069,#살아있다,1637,7311,148991,357063,40.39980256663377
2020-06-26,2020,2020Q2,1,20193069,#살아있다,1713,7839,152550,509613,39.16323731138546
2020-06-27,2020,2020Q2,1,20193069,#살아있다,1882,9221,294255,803868,40.78006500541712
2020-06-28,2020,2020Q2,1,20193069,#살아있다,1869,9044,256133,1060001,40.81677222100896
2020-06-29,2020,2020Q2,1,20193069,#살아있다,1644,7111,67845,1127846,41.37931034482759
2020-06-30,2020,2020Q2,1,20193069,#살아있다,1641,7147,67098,1194944,40.57863501483679
2020-07-01,2020,2020Q3,1,20193069,#살아있다,1441,6137,51659,1246603,35.668316831683164
2020-07-02,2020,2020Q3,1,20193069,#살아있다,1401,5783,44470,1291073,36.3235675395385
2020-07-03,2020,2020Q3,1,20193069,#살아있다,1444,6066,51860,1342933,35.27112848070347
2020-07-04,2020,2020Q3,1,20193069,#살아있다,1508,7244,110890,1453823,33.82682817406909
2020-07-05,2020,2020Q3,1,20193069,#살아있다,1502,7017,93106,1546929,34.128607134742104
2020-07-06,2020,2020Q3,1,20193069,#살아있다,1329,5065,29429,1576358,34.87273681448439
2020-07-07,2020,2020Q3,1,20193069,#살아있다,1313,4813,25825,1602183,35.15394912985275
2020-07-15,2020,2020Q3,1,20193450,반도,2338,11822,353000,354764,61.737523105360445
2020-07-16,2020,2020Q3,1,20193450,반도,2358,11846,223737,578501,60.78886310904872
2020-07-17,2020,2020Q3,1,20193450,반도,2457,12598,265811,844312,60.264900662251655
2020-07-18,2020,2020Q3,1,20193450,반도,2575,13763,516522,1360834,60.276217228464425
2020-07-19,2020,2020Q3,1,20193450,반도,2541,13353,443136,1803970,59.14804469273744
2020-07-20,2020,2020Q3,1,20193450,반도,2258,10778,141472,1945442,57.85293364078914
2020-07-21,2020,2020Q3,1,20193450,반도,2258,10556,117576,2063018,57.660878447395305
2020-07-22,2020,2020Q3,1,20193450,반도,1945,9037,111223,2174241,47.38124238733252
2020-07-23,2020,2020Q3,1,20193450,반도,1927,8830,93497,2267738,47.38136218342759
2020-07-24,2020,2020Q3,1,20193450,반도,1960,9379,125091,2392829,47.933480068476406
2020-07-25,2020,2020Q3,1,20193450,반도,2103,10647,259111,2651940,47.2478094810155
2020-07-26,2020,2020Q3,1,20193450,반도,2084,10285,210895,2862835,47.21341187131853
2020-07-27,2020,2020Q3,1,20193450,반도,1887,8300,71727,2934562,48.54643684075122
2020-07-28,2020,2020Q3,1,20193450,반도,1916,8269,69923,3004485,49.560269011898605
2020-07-29,2020,2020Q3,1,20196271,강철비2: 정상회담,2137,9282,222088,225958,50.89306977851869
2020-07-30,2020,2020Q3,1,20196271,강철비2: 정상회담,2063,9075,131226,357184,52.50699923644694
2020-07-31,2020,2020Q3,1,20196271,강철비2: 정상회담,2091,9335,157893,515077,49.7383444338725
2020-08-01,2020,2020Q3,1,20196271,강철비2: 정상회담,2133,9751,273510,788587,48.13811780636425
2020-08-02,2020,2020Q3,1,20196271,강철비2: 정상회담,2100,9395,231350,1019937,48.209366391184574
2020-08-03,2020,2020Q3,1,20196271,강철비2: 정상회담,1952,8406,113691,1133628,47.66788766788767
2020-08-04,2020,2020Q3,1,20196271,강철비2: 정상회담,1944,8338,106664,1240292,47.48412310698584
2020-08-05,2020,2020Q3,1,20197922,다만 악에서 구하소서,1837,9907,344910,350044,41.35524538496173
2020-08-06,2020,2020Q3,1,20197922,다만 악에서 구하소서,1868,9957,285470,635514,42.03420342034204
2020-08-07,2020,2020Q3,1,20197922,다만 악에서 구하소서,1909,10415,318299,953813,42.04845814977974
2020-08-08,2020,2020Q3,1,20197922,다만 악에서 구하소서,1998,11110,565773,1519586,42.70143192989956
2020-08-09,2020,2020Q3,1,20197922,다만 악에서 구하소서,1995,10832,505485,2025071,42.89400129004515
2020-08-10,2020,2020Q3,1,20197922,다만 악에서 구하소서,1856,9846,203367,2228438,43.36448598130841
2020-08-11,2020,2020Q3,1,20197922,다만 악에서 구하소서,1863,9794,182009,2410447,43.154968728283535
2020-08-12,2020,2020Q3,1,20197922,다만 악에서 구하소서,1510,7635,152497,2562944,32.340972370957374
2020-08-13,2020,2020Q3,1,20197922,다만 악에서 구하소서,1499,7544,138804,2701748,30.958281701776123
2020-08-14,2020,2020Q3,1,20197922,다만 악에서 구하소서,1558,8008,212994,2914742,31.750560423884245
2020-08-15,2020,2020Q3,1,20197922,다만 악에서 구하소서,1599,8234,329649,3244391,31.42071133818039
2020-08-16,2020,2020Q3,1,20197922,다만 악에서 구하소서,1615,8212,298794,3543185,31.99920744997028
2020-08-17,2020,2020Q3,1,20197922,다만 악에서 구하소서,1573,7751,192942,3736127,30.59120964605212
2020-08-18,2020,2020Q3,1,20197922,다만 악에서 구하소서,1466,6837,74858,3810985,33.280363223609534
2020-08-19,2020,2020Q3,1,20197922,다만 악에서 구하소서,1383,6342,63898,3874883,32.275379229871646
2020-08-20,2020,2020Q3,1,20197922,다만 악에서 구하소서,1340,5860,49718,3924601,30.44762553965008
2020-08-21,2020,2020Q3,1,20197922,다만 악에서 구하소서,1350,5977,49515,3974116,30.174340634778723
2020-08-24,2020,2020Q3,1,20197922,다만 악에서 구하소서,1269,5105,30408,4136539,31.072477962781587
2020-08-25,2020,2020Q3,1,20197922,다만 악에서 구하소서,1271,4915,26421,4162960,31.950729009552536
2020-08-26,2020,2020Q3,1,20201122,테넷,2228,8835,137740,222446,51.88635305076852
2020-08-27,2020,2020Q3,1,20201122,테넷,2186,8371,84853,307299,51.985731272294885
2020-08-28,2020,2020Q3,1,20201122,테넷,2198,8460,91157,398456,51.48746779105176
2020-08-29,2020,2020Q3,1,20201122,테넷,2216,8892,144847,543303,51.921274601686974
2020-08-30,2020,2020Q3,1,20201122,테넷,2205,8528,117102,660405,51.80921052631579
2020-08-31,2020,2020Q3,1,20201122,테넷,2050,6705,54007,714412,51.00771336153272
2020-09-01,2020,2020Q3,1,20201122,테넷,2018,6303,46440,760852,51.71706817016914
2020-09-02,2020,2020Q3,1,20201122,테넷,1466,4330,37018,797870,36.38620004964011
2020-09-03,2020,2020Q3,1,20201122,테넷,1479,4314,37411,835281,36.54558932542624
2020-09-04,2020,2020Q3,1,20201122,테넷,1493,4538,48586,883867,36.66502946954813
2020-09-05,2020,2020Q3,1,20201122,테넷,1553,5069,93185,977052,35.91581868640148
2020-09-06,2020,2020Q3,1,20201122,테넷,1546,4996,82745,1059797,35.978589713753784
2020-09-07,2020,2020Q3,1,20201122,테넷,1464,4026,29989,1089786,38.05562776189239
2020-09-08,2020,2020Q3,1,20201122,테넷,1470,4079,28553,1118339,38.2912216723105
2020-09-09,2020,2020Q3,1,20201122,테넷,1384,3738,26690,1145029,34.87903225806452
2020-09-11,2020,2020Q3,1,20201122,테넷,1232,3393,33656,1203824,30.144360166381208
2020-09-13,2020,2020Q3,1,20201122,테넷,1318,3917,58742,1335224,30.54461181923522
2020-09-14,2020,2020Q3,1,20201122,테넷,1230,3210,20534,1355758,33.82838283828383
2020-09-15,2020,2020Q3,1,20201122,테넷,1239,3134,19324,1375082,32.91710945802338
2020-09-16,2020,2020Q3,1,20201122,테넷,1297,3327,21629,1396711,34.339422822345774
2020-09-17,2020,2020Q3,1,20193822,뮬란,1420,5142,31438,31488,39.53229398663697
2020-09-18,2020,2020Q3,1,20193822,뮬란,1412,4941,26834,58322,37.56318169725992
2020-09-19,2020,2020Q3,2,20193822,뮬란,1418,5384,51263,109585,37.42412245975191
2020-09-20,2020,2020Q3,2,20193822,뮬란,1396,5120,42448,152033,37.46645195920559
2020-09-21,2020,2020Q3,2,20193822,뮬란,1237,3478,11873,163906,34.95337666007347
2020-09-22,2020,2020Q3,2,20193822,뮬란,1218,3269,10521,174427,35.69753810082063
2020-10-21,2020,2020Q4,1,20197121,삼진그룹 영어토익반,1615,5869,37412,46199,43.495825478050094
2020-10-22,2020,2020Q4,1,20197121,삼진그룹 영어토익반,1585,5622,41608,87807,44.23667317890037
2020-10-23,2020,2020Q4,1,20197121,삼진그룹 영어토익반,1587,5920,52223,140030,41.33889033602501
2020-10-24,2020,2020Q4,1,20197121,삼진그룹 영어토익반,1604,6714,113993,254023,40.37251447269066
2020-10-25,2020,2020Q4,1,20197121,삼진그룹 영어토익반,1579,6526,104682,358705,40.45605944145529
2020-10-26,2020,2020Q4,1,20197121,삼진그룹 영어토익반,1451,5250,38089,396794,42.00926462072959
2020-10-27,2020,2020Q4,1,20197121,삼진그룹 영어토익반,1487,5313,39667,436461,41.06600386633527
2020-10-28,2020,2020Q4,1,20197121,삼진그룹 영어토익반,1405,5036,67597,504058,33.420551855375834
2020-10-29,2020,2020Q4,1,20197121,삼진그룹 영어토익반,1395,4968,43432,547490,34.74470734744708
2020-10-30,2020,2020Q4,1,20197121,삼진그룹 영어토익반,1460,5610,78986,626476,33.94559404789584
2020-10-31,2020,2020Q4,1,20197121,삼진그룹 영어토익반,1576,6499,158919,785395,34.60693895476504
2020-11-01,2020,2020Q4,1,20197121,삼진그룹 영어토익반,1588,6449,146345,931740,33.24958123953099
2020-11-02,2020,2020Q4,1,20197121,삼진그룹 영어토익반,1438,5157,40880,972620,36.78690202097723
2020-11-03,2020,2020Q4,1,20197121,삼진그룹 영어토익반,1443,5121,38567,1011187,36.44859813084112
2020-11-04,2020,2020Q4,1,20192193,도굴,1573,6235,73064,79724,44.27244582043344
2020-11-05,2020,2020Q4,1,20192193,도굴,1592,6122,62170,141894,43.941484957217774
2020-11-06,2020,2020Q4,1,20192193,도굴,1616,6463,77190,219084,43.67567567567568
2020-11-07,2020,2020Q4,1,20192193,도굴,1635,7205,178547,397631,42.52275682704811
2020-11-08,2020,2020Q4,1,20192193,도굴,1621,7020,167846,565477,42.74789029535865
2020-11-09,2020,2020Q4,1,20192193,도굴,1522,5743,46712,612189,44.19279907084785
2020-11-10,2020,2020Q4,1,20192193,도굴,1552,5678,43635,655824,42.94410625345877
2020-11-11,2020,2020Q4,1,20192193,도굴,1518,5529,47775,703599,45.667870036101085
2020-11-13,2020,2020Q4,1,20192193,도굴,1162,4213,49214,787428,30.603107716618386
2020-11-16,2020,2020Q4,1,20192193,도굴,1069,3753,30418,1031638,32.02516476932295
2020-11-17,2020,2020Q4,1,20192193,도굴,1079,3715,28575,1060213,31.148960739030024
2020-11-25,2020,2020Q4,1,20181983,이웃사촌,1283,4068,35607,53482,31.262183235867447
2020-11-26,2020,2020Q4,1,20181983,이웃사촌,1246,3844,24351,77833,33.18242343541944
2020-11-27,2020,2020Q4,1,20181983,이웃사촌,1248,3977,26694,104527,32.01641867624423
2020-11-28,2020,2020Q4,1,20181983,이웃사촌,1347,4607,50150,154677,31.72397550635893
2020-11-29,2020,2020Q4,1,20181983,이웃사촌,1363,4534,45603,200280,31.78638059701492
2020-11-30,2020,2020Q4,1,20181983,이웃사촌,1233,3642,20656,220936,31.66409861325116
2020-12-01,2020,2020Q4,1,20181983,이웃사촌,1202,3312,15609,236545,33.37961677311858
2020-12-07,2020,2020Q4,1,20181983,이웃사촌,923,2094,7780,334431,30.58316766070245
2020-12-08,2020,2020Q4,1,20181983,이웃사촌,908,1908,6584,341015,30.69641649763354
2020-12-09,2020,2020Q4,1,20181983,이웃사촌,932,1929,6508,347523,32.24913494809689
2020-12-10,2020,2020Q4,1,20201002,조제,1044,2927,22214,22607,35.765673175745114
2020-12-11,2020,2020Q4,1,20201002,조제,1058,2863,15924,38531,32.8062015503876
2020-12-12,2020,2020Q4,1,20201002,조제,1179,3317,21990,60521,33.55150825270347
2020-12-13,2020,2020Q4,1,20201002,조제,1154,3155,18325,78846,33.11334289813486
2020-12-14,2020,2020Q4,1,20201002,조제,999,2306,7959,86805,35.501066098081026
2020-12-15,2020,2020Q4,1,20201002,조제,983,2174,7230,94035,35.245607744711364
2020-12-16,2020,2020Q4,1,20201002,조제,960,2130,7683,101718,34.7700108656284
2020-12-17,2020,2020Q4,1,20201002,조제,925,2060,6825,108543,30.730897009966775
2020-12-22,2020,2020Q4,1,20201002,조제,862,1729,4927,149400,30.066271363794904
2020-12-23,2020,2020Q4,1,20192567,원더 우먼 1984,2185,5755,51214,51334,57.78894472361809
2020-12-24,2020,2020Q4,1,20192567,원더 우먼 1984,2183,5342,41089,92423,51.95145168967158
2020-12-25,2020,2020Q4,1,20192567,원더 우먼 1984,2260,6049,100446,192869,46.965918536990856
2020-12-26,2020,2020Q4,1,20192567,원더 우먼 1984,2240,5802,59983,252852,48.26546003016591
2020-12-27,2020,2020Q4,1,20192567,원더 우먼 1984,2230,5664,50987,303839,50.01121327651939
2020-12-28,2020,2020Q4,1,20192567,원더 우먼 1984,1971,4226,19110,322949,48.66666666666667
2020-12-29,2020,2020Q4,1,20192567,원더 우먼 1984,1966,4111,17902,340851,47.12368168744008
2020-12-30,2020,2020Q4,1,20192567,원더 우먼 1984,1903,4077,22713,363564,43.85803180456326
2020-12-31,2020,2020Q4,1,20192567,원더 우먼 1984,1934,4320,27422,390986,46.88484848484848
2021-01-01,2021,2021Q1,1,20192567,원더 우먼 1984,1877,4329,29884,420870,44.66920514040933
2021-01-02,2021,2021Q1,1,20192567,원더 우먼 1984,1835,4012,22765,443635,44.72337314160371
2021-01-03,2021,2021Q1,1,20192567,원더 우먼 1984,1793,3714,17795,461430,45.0163193572684
2021-01-04,2021,2021Q1,1,20192567,원더 우먼 1984,1321,2178,5485,466915,45.85213467545991
2021-01-05,2021,2021Q1,1,20192567,원더 우먼 1984,1275,2069,5160,472075,46.2962962962963
2021-01-06,2021,2021Q1,1,20192567,원더 우먼 1984,1111,1788,4707,476782,39.52330131625756
2021-01-07,2021,2021Q1,1,20192567,원더 우먼 1984,1021,1635,4190,480972,39.01413832632786
2021-01-08,2021,2021Q1,1,20192567,원더 우먼 1984,1056,1712,4651,485623,37.64705882352941
2021-01-09,2021,2021Q1,1,20192567,원더 우먼 1984,1247,2386,11275,496898,34.96915311273135
2021-01-10,2021,2021Q1,1,20192567,원더 우먼 1984,1200,2315,10220,507118,34.68208092485549
2021-01-11,2021,2021Q1,1,20192567,원더 우먼 1984,819,1255,3107,510225,33.82899628252788
2021-01-12,2021,2021Q1,1,20192567,원더 우먼 1984,823,1283,3174,513399,33.5234215885947
2021-01-13,2021,2021Q1,1,20192567,원더 우먼 1984,816,1229,3090,516489,33.915211970074814
2021-01-20,2021,2021Q1,1,20207443,소울,1603,4953,60451,61663,52.54015077023927
2021-01-21,2021,2021Q1,1,20207443,소울,1617,4804,43207,104870,56.009698649116736
2021-01-22,2021,2021Q1,1,20207443,소울,1679,5092,47780,152650,56.28561850486088
2021-01-23,2021,2021Q1,1,20207443,소울,2006,6758,130948,283598,60.458107293550334
2021-01-24,2021,2021Q1,1,20207443,소울,2018,6788,124884,408482,59.72181118674163
2021-01-25,2021,2021Q1,1,20207443,소울,1709,5145,45048,453530,60.60283687943262
2021-01-26,2021,2021Q1,1,20207443,소울,1708,5064,43204,496734,58.59348198970841
2021-01-27,2021,2021Q1,2,20207443,소울,1481,4488,63012,559746,41.73006480698788
2021-01-28,2021,2021Q1,1,20207443,소울,1407,4231,38284,598030,37.97570850202429
2021-01-29,2021,2021Q1,1,20207443,소울,1458,4495,46632,644662,38.47980997624703
2021-01-30,2021,2021Q1,1,20207443,소울,1673,5656,118097,762759,40.71550255536627
2021-01-31,2021,2021Q1,1,20207443,소울,1685,5724,112240,874999,41.71824709086408
2021-02-01,2021,2021Q1,1,20207443,소울,1430,4218,34674,909673,41.97240974464338
2021-02-02,2021,2021Q1,1,20207443,소울,1439,4261,34686,944359,41.85573007562537
2021-02-03,2021,2021Q1,2,20207443,소울,1182,3482,31459,975818,32.03252032520325
2021-02-06,2021,2021Q1,1,20207443,소울,1349,4327,85378,1126375,31.39399581103095
2021-02-07,2021,2021Q1,1,20207443,소울,1369,4363,80443,1206818,32.579723940980486
2021-02-08,2021,2021Q1,1,20207443,소울,1128,3297,27923,1234741,31.729957805907173
2021-02-09,2021,2021Q1,1,20207443,소울,1143,3301,28476,1263217,31.48760330578512
2021-03-25,2021,2021Q1,1,20215850,고질라 VS. 콩,1164,3812,38786,39181,33.63189829529038
2021-03-26,2021,2021Q1,1,20215850,고질라 VS. 콩,1201,3911,40842,80023,31.984021304926763
2021-03-29,2021,2021Q1,1,20215850,고질라 VS. 콩,1134,3614,25455,350541,33.032333236236525
2021-03-30,2021,2021Q1,1,20215850,고질라 VS. 콩,1152,3534,22450,372991,34.27551324010711
2021-04-15,2021,2021Q2,1,20183003,서복,1382,5086,45153,46710,34.62791280380857
2021-05-19,2021,2021Q2,1,20205041,분노의 질주: 더 얼티메이트,2271,8671,400372,400767,45.07741167129814
2021-05-20,2021,2021Q2,1,20205041,분노의 질주: 더 얼티메이트,2099,7293,104115,504882,52.55383074611918
2021-05-21,2021,2021Q2,1,20205041,분노의 질주: 더 얼티메이트,2160,7667,121495,626377,50.17421602787456
2021-05-22,2021,2021Q2,1,20205041,분노의 질주: 더 얼티메이트,2297,8918,265752,892129,47.63583575279967
2021-05-23,2021,2021Q2,1,20205041,분노의 질주: 더 얼티메이트,2275,8659,241072,1133201,46.84925864909391
2021-05-24,2021,2021Q2,1,20205041,분노의 질주: 더 얼티메이트,2030,6730,71011,1204212,52.40061951471348
2021-05-25,2021,2021Q2,1,20205041,분노의 질주: 더 얼티메이트,2049,6694,60976,1265188,52.80927835051546
2021-05-26,2021,2021Q2,1,20205041,분노의 질주: 더 얼티메이트,1703,5226,75337,1340525,37.51101321585903
2021-05-27,2021,2021Q2,1,20205041,분노의 질주: 더 얼티메이트,1393,4517,49257,1389782,35.265822784810126
2021-05-28,2021,2021Q2,1,20205041,분노의 질주: 더 얼티메이트,1437,4768,66361,1456143,35.22922284873744
2021-05-29,2021,2021Q2,1,20205041,분노의 질주: 더 얼티메이트,1499,5370,155662,1611805,32.0847602739726
2021-05-30,2021,2021Q2,1,20205041,분노의 질주: 더 얼티메이트,1479,5242,138630,1750435,31.779114740008595
2021-05-31,2021,2021Q2,1,20205041,분노의 질주: 더 얼티메이트,1318,4175,40219,1790654,34.99734466277217
2021-06-01,2021,2021Q2,1,20205041,분노의 질주: 더 얼티메이트,1321,4043,31898,1822552,33.86311202255832
2021-06-02,2021,2021Q2,2,20205041,분노의 질주: 더 얼티메이트,1332,4066,28451,1851003,34.162605796358044
2021-07-07,2021,2021Q3,1,20191951,블랙 위도우,2465,5597,196233,197418,38.4735445606368
2021-07-08,2021,2021Q3,1,20191951,블랙 위도우,2414,10878,184130,381548,53.76391982182628
2021-07-09,2021,2021Q3,1,20191951,블랙 위도우,2476,11338,204408,585956,54.2031523642732
2021-07-10,2021,2021Q3,1,20191951,블랙 위도우,2528,12143,430030,1015986,51.51823925005095
2021-07-11,2021,2021Q3,1,20191951,블랙 위도우,2501,11176,350093,1366079,48.31916537867079
2021-07-12,2021,2021Q3,1,20191951,블랙 위도우,2322,8869,96545,1462624,55.23311132254995
2021-07-13,2021,2021Q3,1,20191951,블랙 위도우,2310,8657,81611,1544235,53.43511450381679
2021-07-14,2021,2021Q3,2,20191951,블랙 위도우,1542,5578,83412,1627647,32.272917538719135
2021-07-20,2021,2021Q3,1,20191951,블랙 위도우,1449,5102,49813,2243847,30.00621246634914
2021-07-28,2021,2021Q3,1,20204117,모가디슈,1635,6909,126670,136741,31.958561376075057
2021-07-29,2021,2021Q3,1,20204117,모가디슈,1628,6687,89824,226565,34.35323907997468
2021-07-30,2021,2021Q3,1,20204117,모가디슈,1619,6797,108873,335438,32.726905195067715
2021-07-31,2021,2021Q3,1,20204117,모가디슈,1686,7247,210973,546411,32.55454720988608
2021-08-01,2021,2021Q3,1,20204117,모가디슈,1688,7209,241879,788290,32.213740458015266
2021-08-02,2021,2021Q3,1,20204117,모가디슈,1620,6749,125796,914086,34.300232902816006
2021-08-03,2021,2021Q3,1,20204117,모가디슈,1666,6811,121225,1035311,33.916938110749186
2021-08-04,2021,2021Q3,1,20204117,모가디슈,1600,6443,104104,1139415,30.557677616501145
2021-08-09,2021,2021Q3,1,20204117,모가디슈,1559,6247,75348,1787723,30.6286836935167
2021-08-10,2021,2021Q3,1,20204117,모가디슈,1571,6181,72213,1859936,30.58205178119525
2021-08-13,2021,2021Q3,1,20196270,싱크홀,1491,6362,125694,400463,30.972164520149565
2021-08-14,2021,2021Q3,1,20196270,싱크홀,1572,6879,251728,652191,31.37724550898204
2021-08-15,2021,2021Q3,1,20196270,싱크홀,1603,6990,270152,922343,31.548907695335565
2021-08-16,2021,2021Q3,1,20196270,싱크홀,1584,6877,219613,1141956,31.71806167400881
2021-08-17,2021,2021Q3,1,20196270,싱크홀,1477,6206,79351,1221307,33.101748095024654
2021-09-01,2021,2021Q3,1,20217742,샹치와 텐 링즈의 전설,1570,5878,138149,139965,33.454080545493284
2021-09-02,2021,2021Q3,1,20217742,샹치와 텐 링즈의 전설,1636,5970,80613,220578,34.20447417938532
2021-09-03,2021,2021Q3,1,20217742,샹치와 텐 링즈의 전설,1694,6246,92417,312995,34.31233542637229
2021-09-04,2021,2021Q3,1,20217742,샹치와 텐 링즈의 전설,1784,7080,233073,546068,34.28132205995389
2021-09-05,2021,2021Q3,1,20217742,샹치와 텐 링즈의 전설,1770,6992,208990,755058,34.14351851851852
2021-09-06,2021,2021Q3,1,20217742,샹치와 텐 링즈의 전설,1574,5822,51731,806789,35.89509692132269
2021-09-07,2021,2021Q3,1,20217742,샹치와 텐 링즈의 전설,1587,5731,43484,850273,35.527199462726664
2021-09-08,2021,2021Q3,1,20217742,샹치와 텐 링즈의 전설,1469,5240,41445,891718,31.990418118466906
2021-09-09,2021,2021Q3,1,20217742,샹치와 텐 링즈의 전설,1463,5054,37424,929142,32.605304212168484
2021-09-10,2021,2021Q3,1,20217742,샹치와 텐 링즈의 전설,1492,5318,49797,978939,32.07912276929692
2021-09-11,2021,2021Q3,1,20217742,샹치와 텐 링즈의 전설,1652,6159,127226,1106165,32.096366815620755
2021-09-12,2021,2021Q3,1,20217742,샹치와 텐 링즈의 전설,1639,6052,120466,1226631,31.751259201859742
2021-09-13,2021,2021Q3,1,20217742,샹치와 텐 링즈의 전설,1451,4903,29333,1255964,32.790960451977405
2021-09-14,2021,2021Q3,1,20217742,샹치와 텐 링즈의 전설,1438,4695,26138,1282102,32.64472190692395
2021-09-29,2021,2021Q3,1,20191061,007 노 타임 투 다이,2178,3952,104194,104194,35.4376830458835
2021-09-30,2021,2021Q3,1,20191061,007 노 타임 투 다이,2071,6608,76380,180574,42.79809878073982
2021-10-01,2021,2021Q4,1,20191061,007 노 타임 투 다이,2094,6628,68619,249193,41.70483967337184
2021-10-02,2021,2021Q4,1,20191061,007 노 타임 투 다이,2201,7452,152364,401557,39.73641451525546
2021-10-03,2021,2021Q4,1,20191061,007 노 타임 투 다이,2201,7425,162684,564241,39.7005772005772
2021-10-04,2021,2021Q4,1,20191061,007 노 타임 투 다이,2170,7059,120182,684423,39.584093396570594
2021-10-05,2021,2021Q4,1,20191061,007 노 타임 투 다이,1954,5566,29873,714296,43.782209276271566
2021-10-06,2021,2021Q4,1,20191061,007 노 타임 투 다이,1760,4842,28534,742830,37.18571730403549
2021-10-07,2021,2021Q4,1,20191061,007 노 타임 투 다이,1710,4621,25571,768401,37.57415952537904
2021-10-08,2021,2021Q4,1,20191061,007 노 타임 투 다이,1711,4896,34895,803296,35.93028139437211
2021-10-09,2021,2021Q4,1,20191061,007 노 타임 투 다이,1764,5572,81909,885205,35.0
2021-10-10,2021,2021Q4,1,20191061,007 노 타임 투 다이,1756,5591,95990,981195,34.539732494099134
2021-10-11,2021,2021Q4,1,20191061,007 노 타임 투 다이,1722,5283,67512,1048707,33.857648446716475
2021-10-12,2021,2021Q4,1,20191061,007 노 타임 투 다이,1567,3966,17465,1066172,39.43130347257171
2021-10-13,2021,2021Q4,1,20218052,베놈 2: 렛 데어 비 카니지,1776,9236,203254,204128,45.91520165460186
2021-10-14,2021,2021Q4,1,20218052,베놈 2: 렛 데어 비 카니지,1772,8838,114384,318512,43.63457276532874
2021-10-15,2021,2021Q4,1,20218052,베놈 2: 렛 데어 비 카니지,1837,9211,141980,460492,44.50096899224806
2021-10-16,2021,2021Q4,1,20218052,베놈 2: 렛 데어 비 카니지,1998,10617,342069,802561,43.29360780065005
2021-10-17,2021,2021Q4,1,20218052,베놈 2: 렛 데어 비 카니지,1990,10512,294002,1096563,43.08291838060187
2021-10-18,2021,2021Q4,1,20218052,베놈 2: 렛 데어 비 카니지,1745,8624,65037,1161600,48.16450455423682
2021-10-19,2021,2021Q4,1,20218052,베놈 2: 렛 데어 비 카니지,1774,8218,55942,1217542,46.12584503380136
2021-10-20,2021,2021Q4,1,20210087,듄,1496,4747,61327,66034,32.62813522355507
2021-10-20,2021,2021Q4,2,20218052,베놈 2: 렛 데어 비 카니지,1411,5440,45565,1263107,30.7742639040349
2021-10-21,2021,2021Q4,2,20210087,듄,1472,4529,41176,107210,32.451499118165785
2021-10-21,2021,2021Q4,1,20218052,베놈 2: 렛 데어 비 카니지,1399,5389,43307,1306414,30.84215167548501
2021-10-22,2021,2021Q4,2,20210087,듄,1509,4770,53024,160234,31.98389147944044
2021-10-22,2021,2021Q4,1,20218052,베놈 2: 렛 데어 비 카니지,1445,5759,66782,1373196,30.627384484951246
2021-10-23,2021,2021Q4,2,20210087,듄,1576,5275,117414,277648,31.413195136535776
2021-10-23,2021,2021Q4,1,20218052,베놈 2: 렛 데어 비 카니지,1568,6857,146650,1519846,31.25373729320311
2021-10-24,2021,2021Q4,2,20210087,듄,1571,5171,105510,383158,31.62238325281804
2021-10-24,2021,2021Q4,1,20218052,베놈 2: 렛 데어 비 카니지,1543,6735,129443,1649289,31.05877616747182
2021-10-25,2021,2021Q4,2,20210087,듄,1378,4107,29896,413054,32.54605573925366
2021-10-25,2021,2021Q4,1,20218052,베놈 2: 렛 데어 비 카니지,1320,5144,32399,1681688,31.17619272555503
2021-10-26,2021,2021Q4,2,20210087,듄,1405,4004,27775,440829,32.54574936298356
2021-10-26,2021,2021Q4,1,20218052,베놈 2: 렛 데어 비 카니지,1347,4960,29152,1710840,31.20222376650452
2021-11-03,2021,2021Q4,1,20218256,이터널스,2578,10628,296286,297871,57.91956863626151
2021-11-04,2021,2021Q4,1,20218256,이터널스,2564,10366,177979,475850,55.81192860252503
2021-11-05,2021,2021Q4,1,20218256,이터널스,2602,10832,226558,702408,55.24416135881104
2021-11-06,2021,2021Q4,1,20218256,이터널스,2648,11418,492823,1195231,52.00314218381775
2021-11-07,2021,2021Q4,1,20218256,이터널스,2612,10957,419715,1614946,51.69206412032455
2021-11-08,2021,2021Q4,1,20218256,이터널스,2420,9269,103822,1718768,56.30525825965565
2021-11-09,2021,2021Q4,1,20218256,이터널스,2444,9046,84299,1803067,54.736842105263165
2021-11-10,2021,2021Q4,1,20218256,이터널스,1933,7054,89556,1892623,41.722426073818255
2021-11-11,2021,2021Q4,1,20218256,이터널스,1912,6820,72219,1964842,40.76759061833688
2021-11-12,2021,2021Q4,1,20218256,이터널스,1932,7224,96286,2061128,39.565840671718206
2021-11-13,2021,2021Q4,1,20218256,이터널스,1979,7843,218641,2279769,36.2321493958257
2021-11-14,2021,2021Q4,1,20218256,이터널스,1947,7509,186524,2466293,36.937962435970405
2021-11-15,2021,2021Q4,1,20218256,이터널스,1753,6070,43465,2509758,41.40292867264998
2021-11-16,2021,2021Q4,1,20218256,이터널스,1754,5803,37358,2547116,41.1930483795209
2021-12-15,2021,2021Q4,1,20210028,스파이더맨: 노 웨이 홈,2816,12469,634962,636008,65.06469500924214
2021-12-16,2021,2021Q4,1,20210028,스파이더맨: 노 웨이 홈,2795,12130,391047,1027055,62.51397897562067
2021-12-17,2021,2021Q4,1,20210028,스파이더맨: 노 웨이 홈,2875,10825,413779,1440834,62.14872460008647
2021-12-18,2021,2021Q4,1,20210028,스파이더맨: 노 웨이 홈,2941,10256,646804,2087638,62.03332630246783
2021-12-19,2021,2021Q4,1,20210028,스파이더맨: 노 웨이 홈,2948,10345,682609,2770247,61.36552872606161
2021-12-20,2021,2021Q4,1,20210028,스파이더맨: 노 웨이 홈,2801,9504,216316,2986563,65.56647940074907
2021-12-21,2021,2021Q4,1,20210028,스파이더맨: 노 웨이 홈,2828,9458,196294,3182857,64.66956322890465
2021-12-22,2021,2021Q4,1,20210028,스파이더맨: 노 웨이 홈,1933,6143,177471,3360328,42.68992932862191
2021-12-23,2021,2021Q4,1,20210028,스파이더맨: 노 웨이 홈,1954,6264,166299,3526627,43.23965479088294
2021-12-24,2021,2021Q4,1,20210028,스파이더맨: 노 웨이 홈,2176,7048,260358,3786985,46.17016762147252
2021-12-25,2021,2021Q4,1,20210028,스파이더맨: 노 웨이 홈,2363,7966,599308,4386293,45.29423040061338
2021-12-26,2021,2021Q4,1,20210028,스파이더맨: 노 웨이 홈,2366,8047,441265,4827558,46.319498825371966
2021-12-27,2021,2021Q4,1,20210028,스파이더맨: 노 웨이 홈,2146,7040,139049,4966607,48.53007688828585
2021-12-28,2021,2021Q4,1,20210028,스파이더맨: 노 웨이 홈,2167,6965,118122,5084729,47.44909130720386
2021-12-29,2021,2021Q4,1,20210028,스파이더맨: 노 웨이 홈,2043,6695,147576,5232305,43.83179575198455
2021-12-30,2021,2021Q4,1,20210028,스파이더맨: 노 웨이 홈,2049,6690,137468,5369773,44.46614583333333
2021-12-31,2021,2021Q4,1,20210028,스파이더맨: 노 웨이 홈,2082,6906,191167,5560940,43.46555323590815
2022-01-01,2022,2022Q1,1,20210028,스파이더맨: 노 웨이 홈,2160,7348,289260,5850200,43.79562043795621
2022-01-02,2022,2022Q1,1,20210028,스파이더맨: 노 웨이 홈,2162,7349,225436,6075636,43.8450618535794
2022-01-03,2022,2022Q1,1,20210028,스파이더맨: 노 웨이 홈,1988,6846,66829,6142465,47.3108043788672
2022-01-04,2022,2022Q1,1,20210028,스파이더맨: 노 웨이 홈,1994,6722,59963,6202428,47.06160018881284
2022-01-26,2022,2022Q1,1,20201965,해적: 도깨비 깃발,1650,6731,92461,112754,35.66796368352789
2022-01-27,2022,2022Q1,1,20201965,해적: 도깨비 깃발,1648,6444,54893,167647,34.17669017005392
2022-01-28,2022,2022Q1,1,20201965,해적: 도깨비 깃발,1658,6555,64564,232211,33.40721337900464
2022-01-29,2022,2022Q1,1,20201965,해적: 도깨비 깃발,1708,6996,126662,358873,32.67648746891142
2022-01-30,2022,2022Q1,1,20201965,해적: 도깨비 깃발,1688,6986,135461,494334,32.48027708293246
2022-01-31,2022,2022Q1,1,20201965,해적: 도깨비 깃발,1656,6848,118686,613020,32.04954519063286
2022-02-01,2022,2022Q1,1,20201965,해적: 도깨비 깃발,1650,6741,137194,750214,32.327586206896555
2022-02-02,2022,2022Q1,1,20201965,해적: 도깨비 깃발,1657,6832,131838,882052,31.477963525835868
2022-02-03,2022,2022Q1,1,20201965,해적: 도깨비 깃발,1536,5714,39999,922051,34.727560479312686
2022-02-04,2022,2022Q1,1,20201965,해적: 도깨비 깃발,1533,5514,34420,956471,34.56595264937993
2022-02-05,2022,2022Q1,1,20201965,해적: 도깨비 깃발,1597,6134,68324,1024795,32.113412427106375
2022-02-06,2022,2022Q1,1,20201965,해적: 도깨비 깃발,1589,5991,62211,1087006,31.894821356884783
2022-02-07,2022,2022Q1,1,20201965,해적: 도깨비 깃발,1414,4386,18560,1105566,35.20916334661355
2022-02-08,2022,2022Q1,1,20201965,해적: 도깨비 깃발,1410,4182,17064,1122630,34.04974643805844
2022-02-16,2022,2022Q1,1,20211200,언차티드,1536,6258,70282,70550,36.8080517613228
2022-02-17,2022,2022Q1,2,20211200,언차티드,1344,4915,42231,112781,31.504922644163152
2022-02-18,2022,2022Q1,1,20211200,언차티드,1427,5226,45174,157955,31.341972325938944
2022-02-22,2022,2022Q1,1,20211200,언차티드,1355,4380,24285,416569,31.785127844241146
2022-03-01,2022,2022Q1,1,20212973,더 배트맨,2370,7546,192854,199174,44.57400789919127
2022-03-02,2022,2022Q1,1,20212973,더 배트맨,2250,6288,38915,238089,49.40711462450593
2022-03-03,2022,2022Q1,1,20212973,더 배트맨,2220,5857,30561,268650,49.75347377857463
2022-03-04,2022,2022Q1,1,20212973,더 배트맨,2240,6028,39265,307915,47.69001490312966
2022-03-05,2022,2022Q1,1,20212973,더 배트맨,2345,7154,107570,415485,44.15364338166071
2022-03-06,2022,2022Q1,1,20212973,더 배트맨,2303,6969,86069,501554,43.76662865830483
2022-03-07,2022,2022Q1,1,20212973,더 배트맨,2005,4985,21769,523323,48.04696860771627
2022-03-08,2022,2022Q1,1,20212973,더 배트맨,2051,5039,24160,547483,46.97663765460376
2022-03-10,2022,2022Q1,2,20212973,더 배트맨,1366,3150,13675,623744,30.97505668934241
2022-03-11,2022,2022Q1,2,20212973,더 배트맨,1416,3425,19724,643468,30.490956072351423
2022-03-14,2022,2022Q1,2,20212973,더 배트맨,1272,2823,11076,744956,32.04837490551776
2022-03-15,2022,2022Q1,2,20212973,더 배트맨,1247,2694,9397,754353,30.31113271754983
2022-03-30,2022,2022Q1,1,20204431,모비우스,1614,7528,68890,69327,38.36463037794153
2022-03-31,2022,2022Q1,1,20204431,모비우스,1585,6805,38276,107603,38.1468110709988
2022-04-01,2022,2022Q2,1,20204431,모비우스,1596,6766,40496,148099,37.793038124556006
2022-04-02,2022,2022Q2,1,20204431,모비우스,1696,8168,90552,238651,35.98557182261829
2022-04-03,2022,2022Q2,1,20204431,모비우스,1675,7823,73457,312108,36.00601891659501
2022-04-04,2022,2022Q2,1,20204431,모비우스,1464,4977,17251,329359,40.58774604934849
2022-04-05,2022,2022Q2,1,20204431,모비우스,1459,4549,14660,344019,39.17830290010741
2022-04-13,2022,2022Q2,1,20212725,신비한 동물들과 덤블도어의 비밀,1984,7393,86821,88035,44.866576209859794
2022-04-14,2022,2022Q2,1,20212725,신비한 동물들과 덤블도어의 비밀,1992,6875,50841,138876,44.71380471380471
2022-04-15,2022,2022Q2,1,20212725,신비한 동물들과 덤블도어의 비밀,2063,7176,66696,205572,44.02475458813487
2022-04-16,2022,2022Q2,1,20212725,신비한 동물들과 덤블도어의 비밀,2207,8402,150255,355827,40.68952802359882
2022-04-17,2022,2022Q2,1,20212725,신비한 동물들과 덤블도어의 비밀,2182,8172,120508,476335,40.96114135535949
2022-04-18,2022,2022Q2,1,20212725,신비한 동물들과 덤블도어의 비밀,1898,6008,31487,507822,46.725750861644514
2022-04-19,2022,2022Q2,1,20212725,신비한 동물들과 덤블도어의 비밀,1896,5547,25978,533800,46.01941747572816
2022-04-20,2022,2022Q2,1,20212725,신비한 동물들과 덤블도어의 비밀,1283,3841,25062,558862,33.75427519073928
2022-04-21,2022,2022Q2,1,20212725,신비한 동물들과 덤블도어의 비밀,1257,3743,23379,582241,31.43285821455364
2022-05-04,2022,2022Q2,1,20212855,닥터 스트레인지: 대혼돈의 멀티버스,2691,12615,715683,716931,56.976497988566585
2022-05-05,2022,2022Q2,1,20212855,닥터 스트레인지: 대혼돈의 멀티버스,2634,13003,1063101,1780032,46.08117564730581
2022-05-06,2022,2022Q2,1,20212855,닥터 스트레인지: 대혼돈의 멀티버스,2617,12968,583075,2363107,48.07127112417341
2022-05-07,2022,2022Q2,1,20212855,닥터 스트레인지: 대혼돈의 멀티버스,2651,13361,652247,3015354,48.69581190301249
2022-05-08,2022,2022Q2,1,20212855,닥터 스트레인지: 대혼돈의 멀티버스,2627,12929,482011,3497365,48.819921947593386
2022-05-09,2022,2022Q2,1,20212855,닥터 스트레인지: 대혼돈의 멀티버스,2484,11530,177316,3674681,55.01661129568106
2022-05-10,2022,2022Q2,1,20212855,닥터 스트레인지: 대혼돈의 멀티버스,2489,11270,139123,3813804,55.95773381294964
2022-05-11,2022,2022Q2,1,20212855,닥터 스트레인지: 대혼돈의 멀티버스,2316,10434,141601,3955405,49.656946826758144
2022-05-12,2022,2022Q2,1,20212855,닥터 스트레인지: 대혼돈의 멀티버스,2319,10164,112147,4067552,50.98944591029023
2022-05-13,2022,2022Q2,1,20212855,닥터 스트레인지: 대혼돈의 멀티버스,2363,10794,175527,4243079,48.64141622066694
2022-05-14,2022,2022Q2,1,20212855,닥터 스트레인지: 대혼돈의 멀티버스,2495,11403,369423,4612502,42.03167115902965
2022-05-15,2022,2022Q2,1,20212855,닥터 스트레인지: 대혼돈의 멀티버스,2477,10999,293988,4906490,42.3563611491108
2022-05-16,2022,2022Q2,1,20212855,닥터 스트레인지: 대혼돈의 멀티버스,2259,9786,81382,4987872,51.51653363740023
2022-05-17,2022,2022Q2,1,20212855,닥터 스트레인지: 대혼돈의 멀티버스,2276,9427,69727,5057599,54.81695568400771
2022-05-18,2022,2022Q2,1,20204548,범죄도시2,2226,12159,467483,650417,56.68449197860963
2022-05-19,2022,2022Q2,1,20204548,범죄도시2,2230,12071,366223,1016640,59.26122774382142
2022-05-20,2022,2022Q2,1,20204548,범죄도시2,2373,12985,523192,1539832,59.265734265734274
2022-05-21,2022,2022Q2,1,20204548,범죄도시2,2498,14029,1037004,2576836,56.4137308039747
2022-05-22,2022,2022Q2,1,20204548,범죄도시2,2496,13746,973821,3550657,56.85649202733485
2022-05-23,2022,2022Q2,1,20204548,범죄도시2,2285,12527,336655,3887312,61.11259695105643
2022-05-24,2022,2022Q2,1,20204548,범죄도시2,2311,12533,283576,4170888,62.2743195904069
2022-05-25,2022,2022Q2,1,20204548,범죄도시2,2392,12737,342272,4513160,56.79012345679012
2022-05-26,2022,2022Q2,1,20204548,범죄도시2,2376,12660,240641,4753801,56.65236051502146
2022-05-27,2022,2022Q2,1,20204548,범죄도시2,2421,13296,364472,5118273,55.96393897364771
2022-05-28,2022,2022Q2,1,20204548,범죄도시2,2521,14238,772117,5890390,54.06390735577954
2022-05-29,2022,2022Q2,1,20204548,범죄도시2,2520,13859,656284,6546674,53.61702127659574
2022-05-30,2022,2022Q2,1,20204548,범죄도시2,2357,12613,201418,6748092,57.16711132670385
2022-05-31,2022,2022Q2,1,20204548,범죄도시2,2407,12812,265345,7013437,59.05299313052012
2022-06-01,2022,2022Q2,1,20206061,쥬라기 월드: 도미니언,2218,9438,763642,764266,41.29584807298455
2022-06-02,2022,2022Q2,2,20206061,쥬라기 월드: 도미니언,2180,8788,106309,870575,46.21581513673945
2022-06-03,2022,2022Q2,2,20206061,쥬라기 월드: 도미니언,2158,8611,152450,1023025,43.50806451612903
2022-06-03,2022,2022Q2,1,20204548,범죄도시2,1553,6366,219326,7849304,31.310483870967744
2022-06-04,2022,2022Q2,2,20206061,쥬라기 월드: 도미니언,1977,8168,376984,1400009,37.26672950047125
2022-06-04,2022,2022Q2,1,20204548,범죄도시2,1744,7648,466932,8316236,32.8746465598492
2022-06-05,2022,2022Q2,2,20206061,쥬라기 월드: 도미니언,1954,7956,419873,1819882,36.84012066365008
2022-06-05,2022,2022Q2,1,20204548,범죄도시2,1786,7898,552233,8868469,33.67269984917044
2022-06-06,2022,2022Q2,2,20206061,쥬라기 월드: 도미니언,1894,7496,348213,2168095,36.38109873223204
2022-06-06,2022,2022Q2,1,20204548,범죄도시2,1771,7893,455336,9323805,34.01844026123703
2022-06-07,2022,2022Q2,2,20206061,쥬라기 월드: 도미니언,1778,6776,58704,2226799,40.51959890610757
2022-06-07,2022,2022Q2,1,20204548,범죄도시2,1557,7344,136510,9460315,35.48313582497721
2022-06-08,2022,2022Q2,1,20206257,브로커,1594,7085,146206,152349,38.04295942720764
2022-06-09,2022,2022Q2,2,20206257,브로커,1559,6795,105629,257978,37.20763723150358
2022-06-09,2022,2022Q2,1,20204548,범죄도시2,1322,5918,111857,9686715,31.551312649164675
2022-06-10,2022,2022Q2,2,20206257,브로커,1546,6849,112525,370503,34.961555857078245
2022-06-10,2022,2022Q2,1,20204548,범죄도시2,1409,6391,146311,9833026,31.863410221619176
2022-06-11,2022,2022Q2,1,20204548,범죄도시2,1552,7301,339123,10172149,32.02641353693768
2022-06-11,2022,2022Q2,2,20206257,브로커,1484,6554,224086,594589,30.6231943871234
2022-06-12,2022,2022Q2,1,20204548,범죄도시2,1543,7164,331554,10503703,32.105701206824804
2022-06-12,2022,2022Q2,2,20206257,브로커,1467,6280,178724,773313,30.52434456928839
2022-06-13,2022,2022Q2,1,20204548,범죄도시2,1400,6778,122582,10626285,35.39823008849557
2022-06-13,2022,2022Q2,2,20206257,브로커,1382,5889,57670,830983,34.94310998735777
2022-06-14,2022,2022Q2,1,20204548,범죄도시2,1415,6750,107119,10733404,34.664380205781484
2022-06-14,2022,2022Q2,2,20206257,브로커,1402,5843,54111,885094,34.34590886820186
2022-06-15,2022,2022Q2,1,20224882,마녀(魔女) Part2. The Other One,1559,6401,266514,270875,32.21074380165289
2022-06-16,2022,2022Q2,1,20224882,마녀(魔女) Part2. The Other One,1560,6348,177930,448805,32.24472922695329
2022-06-17,2022,2022Q2,1,20224882,마녀(魔女) Part2. The Other One,1597,6633,224648,673453,32.360688956433634
2022-06-18,2022,2022Q2,1,20224882,마녀(魔女) Part2. The Other One,1796,7124,424649,1098102,30.15446608462055
2022-06-20,2022,2022Q2,1,20224882,마녀(魔女) Part2. The Other One,1606,6662,120498,1578588,35.26570048309179
2022-06-21,2022,2022Q2,1,20224882,마녀(魔女) Part2. The Other One,1630,6629,108182,1686770,34.97103625831367
2022-06-22,2022,2022Q2,1,20194376,탑건: 매버릭,1975,9158,188312,253016,41.9231585650605
2022-06-23,2022,2022Q2,1,20194376,탑건: 매버릭,1926,8720,146105,399121,39.3141457440294
2022-06-24,2022,2022Q2,1,20194376,탑건: 매버릭,1941,8948,216163,615284,39.419171405361496
2022-06-25,2022,2022Q2,1,20194376,탑건: 매버릭,1858,8907,472306,1087590,35.390476190476186
2022-06-26,2022,2022Q2,1,20194376,탑건: 매버릭,1844,8589,438673,1526263,35.291866028708135
2022-06-27,2022,2022Q2,1,20194376,탑건: 매버릭,1722,7988,156222,1682485,37.94623182018511
2022-06-28,2022,2022Q2,1,20194376,탑건: 매버릭,1735,7945,146871,1829356,37.79133086473535
2022-07-01,2022,2022Q3,1,20194376,탑건: 매버릭,1452,6302,225695,2409461,30.574857864813644
2022-07-02,2022,2022Q3,1,20194376,탑건: 매버릭,1612,7224,480279,2889740,31.2827479138366
2022-07-03,2022,2022Q3,1,20194376,탑건: 매버릭,1622,7146,439247,3328987,31.673501269283346
2022-07-04,2022,2022Q3,1,20194376,탑건: 매버릭,1459,6568,151678,3480665,32.69101501232355
2022-07-05,2022,2022Q3,1,20194376,탑건: 매버릭,1495,6621,167795,3648460,33.557800224466895
2022-07-06,2022,2022Q3,1,20224662,토르: 러브 앤 썬더,2143,11001,382188,383898,42.97172648887106
2022-07-07,2022,2022Q3,1,20224662,토르: 러브 앤 썬더,2082,10458,196521,580419,41.723446893787575
2022-07-08,2022,2022Q3,1,20224662,토르: 러브 앤 썬더,2044,10418,251399,831818,40.02349716075974
2022-07-09,2022,2022Q3,1,20224662,토르: 러브 앤 썬더,1961,10110,518621,1350439,36.001468698366075
2022-07-10,2022,2022Q3,1,20224662,토르: 러브 앤 썬더,1920,9524,414217,1764656,35.09413269968928
2022-07-11,2022,2022Q3,1,20224662,토르: 러브 앤 썬더,1731,8159,103050,1867706,36.41144299537232
2022-07-12,2022,2022Q3,2,20224662,토르: 러브 앤 썬더,1741,7856,85550,1953256,35.74948665297741
2022-07-20,2022,2022Q3,1,20208446,외계+인 1부,1959,8507,158155,165582,36.07734806629834
2022-07-21,2022,2022Q3,1,20208446,외계+인 1부,1878,7700,115654,281236,32.174062018160015
2022-07-22,2022,2022Q3,1,20208446,외계+인 1부,1829,7546,131530,412766,30.63651591289782
2022-07-27,2022,2022Q3,1,20209343,한산: 용의 출현,2223,10631,386161,401095,41.935483870967744
2022-07-28,2022,2022Q3,1,20209343,한산: 용의 출현,2178,10191,236941,638036,36.53136531365313
2022-07-29,2022,2022Q3,1,20209343,한산: 용의 출현,2164,10243,315487,953523,35.07861890095639
2022-07-30,2022,2022Q3,1,20209343,한산: 용의 출현,2136,10335,660355,1613878,33.93169181890389
2022-07-31,2022,2022Q3,1,20209343,한산: 용의 출현,2132,10095,655697,2269575,33.92743475493316
2022-08-01,2022,2022Q3,1,20209343,한산: 용의 출현,2019,9636,385978,2655553,34.61934156378601
2022-08-02,2022,2022Q3,1,20209343,한산: 용의 출현,2030,9659,340705,2996258,34.86175510905032
2022-09-07,2022,2022Q3,1,20215601,공조2: 인터내셔날,2166,10151,216237,227335,47.64628244610647
2022-09-08,2022,2022Q3,1,20215601,공조2: 인터내셔날,2187,10359,285121,512456,43.65269461077844
2022-09-09,2022,2022Q3,1,20215601,공조2: 인터내셔날,2325,11315,532726,1045182,38.57000663570007
2022-09-10,2022,2022Q3,1,20215601,공조2: 인터내셔날,2379,11441,713384,1758566,39.77595719779301
2022-09-11,2022,2022Q3,1,20215601,공조2: 인터내셔날,2389,11568,852525,2611091,41.04105823741625
2022-09-12,2022,2022Q3,1,20215601,공조2: 인터내셔날,2328,11034,733293,3344384,38.62618218018915
2022-09-13,2022,2022Q3,1,20215601,공조2: 인터내셔날,2135,9866,200401,3544785,43.01833568406206
2022-09-14,2022,2022Q3,1,20215601,공조2: 인터내셔날,2136,9726,142484,3687269,45.86643762078592
2022-09-15,2022,2022Q3,1,20215601,공조2: 인터내셔날,2127,9484,128665,3815934,47.17232202262142
2022-09-16,2022,2022Q3,1,20215601,공조2: 인터내셔날,2158,9825,177139,3993073,45.71065452234696
2022-09-17,2022,2022Q3,1,20215601,공조2: 인터내셔날,2237,10597,397342,4390415,44.03543307086614
2022-09-18,2022,2022Q3,1,20215601,공조2: 인터내셔날,2225,10266,341863,4732278,44.813695871097686
2022-09-19,2022,2022Q3,1,20215601,공조2: 인터내셔날,2098,9275,100744,4833022,52.85966238347191
2022-09-20,2022,2022Q3,1,20215601,공조2: 인터내셔날,2109,9129,86892,4919914,52.64603095356964
2022-09-21,2022,2022Q3,2,20215601,공조2: 인터내셔날,1557,6531,77515,4997429,38.425468904244816
2022-09-22,2022,2022Q3,1,20215601,공조2: 인터내셔날,1568,6420,73486,5070915,37.280076081787925
2022-09-23,2022,2022Q3,1,20215601,공조2: 인터내셔날,1586,6696,102590,5173505,35.528673835125446
2022-09-24,2022,2022Q3,1,20215601,공조2: 인터내셔날,1748,6692,203206,5376711,31.14754098360656
2022-09-25,2022,2022Q3,1,20215601,공조2: 인터내셔날,1729,6519,178619,5555330,30.153470526682945
2022-09-26,2022,2022Q3,1,20215601,공조2: 인터내셔날,1513,6224,58275,5613605,40.26077700904737
2022-09-27,2022,2022Q3,1,20215601,공조2: 인터내셔날,1523,6186,54532,5668137,37.64211566979733
2022-10-19,2022,2022Q4,1,20226886,블랙 아담,1523,6561,67517,68765,31.04362005707297
2022-10-20,2022,2022Q4,1,20226886,블랙 아담,1498,6170,45887,114652,32.090831191088256
2022-10-24,2022,2022Q4,1,20226886,블랙 아담,1395,5416,29716,457680,30.13609850939728
2022-11-09,2022,2022Q4,1,20226254,블랙 팬서: 와칸다 포에버,2571,9612,184034,184790,52.98845836768344
2022-11-10,2022,2022Q4,1,20226254,블랙 팬서: 와칸다 포에버,2523,9483,108625,293415,55.183727034120736
2022-11-11,2022,2022Q4,1,20226254,블랙 팬서: 와칸다 포에버,2538,9820,160436,453851,52.27600411946447
2022-11-12,2022,2022Q4,1,20226254,블랙 팬서: 와칸다 포에버,2531,10514,339023,792874,48.88931813791771
2022-11-13,2022,2022Q4,1,20226254,블랙 팬서: 와칸다 포에버,2518,10162,293971,1086845,48.70406189555126
2022-11-14,2022,2022Q4,1,20226254,블랙 팬서: 와칸다 포에버,2327,8365,73373,1160218,50.87450808919982
2022-11-15,2022,2022Q4,1,20226254,블랙 팬서: 와칸다 포에버,2347,7952,63586,1223804,50.77888360017309
2022-11-16,2022,2022Q4,2,20226254,블랙 팬서: 와칸다 포에버,1468,4750,63082,1286886,30.1499281166564
2022-11-28,2022,2022Q4,1,20227762,올빼미,1456,5758,75324,893013,33.76623376623377
2022-11-29,2022,2022Q4,1,20227762,올빼미,1490,6400,96636,989649,34.189995410738874
2022-12-13,2022,2022Q4,1,20227762,올빼미,1441,5713,66228,2651979,30.757737459978657
2022-12-14,2022,2022Q4,1,20225061,아바타: 물의 길,2797,10115,359031,359787,56.653838363378576
2022-12-15,2022,2022Q4,1,20225061,아바타: 물의 길,2806,9921,291397,651184,56.75566343042071
2022-12-16,2022,2022Q4,1,20225061,아바타: 물의 길,2809,10289,414520,1065704,55.45903257650543
2022-12-17,2022,2022Q4,1,20225061,아바타: 물의 길,2803,10610,828253,1893957,51.830621301775146
2022-12-18,2022,2022Q4,1,20225061,아바타: 물의 길,2777,10247,786962,2680919,51.83871569908531
2022-12-19,2022,2022Q4,1,20225061,아바타: 물의 길,2696,9536,264527,2945446,56.8177028451001
2022-12-20,2022,2022Q4,1,20225061,아바타: 물의 길,2717,9502,256091,3201537,56.11317637339942
2022-12-21,2022,2022Q4,1,20225061,아바타: 물의 길,2198,7443,242929,3444466,44.02163028239535
2022-12-22,2022,2022Q4,1,20225061,아바타: 물의 길,2209,7372,225354,3669820,41.84504641030498
2022-12-23,2022,2022Q4,1,20225061,아바타: 물의 길,2242,7820,329464,3999284,42.277955874033566
2022-12-24,2022,2022Q4,1,20225061,아바타: 물의 길,2289,8363,803132,4802416,36.98497333979641
2022-12-25,2022,2022Q4,1,20225061,아바타: 물의 길,2280,8067,772960,5575376,36.42172523961661
2022-12-26,2022,2022Q4,1,20225061,아바타: 물의 길,2156,7394,237068,5812444,39.77859778597786
2022-12-27,2022,2022Q4,1,20225061,아바타: 물의 길,2200,7389,203956,6016400,39.7183607149305
2022-12-28,2022,2022Q4,1,20225061,아바타: 물의 길,2066,6905,236019,6252419,37.10488505747127
2022-12-29,2022,2022Q4,1,20225061,아바타: 물의 길,2035,6910,215887,6468306,37.88866132936138
2022-12-30,2022,2022Q4,1,20225061,아바타: 물의 길,2075,7287,329562,6797868,37.33357322777977
2022-12-31,2022,2022Q4,1,20225061,아바타: 물의 길,2050,7454,515281,7313149,32.53968253968254
2023-01-01,2023,2023Q1,1,20225061,아바타: 물의 길,2047,7148,429533,7742682,32.668368975422915
2023-01-02,2023,2023Q1,1,20225061,아바타: 물의 길,1992,6578,145308,7887990,36.61764705882353
2023-01-03,2023,2023Q1,1,20225061,아바타: 물의 길,1991,6471,113903,8001893,36.49193548387097
2023-02-15,2023,2023Q1,1,20230209,앤트맨과 와스프: 퀀텀매니아,2090,9114,174877,175501,40.030645470216434
2023-02-16,2023,2023Q1,1,20230209,앤트맨과 와스프: 퀀텀매니아,2022,8738,97216,272717,40.86499595796281
2023-02-17,2023,2023Q1,1,20230209,앤트맨과 와스프: 퀀텀매니아,2016,8711,116910,389627,38.21800947867299
2023-02-18,2023,2023Q1,1,20230209,앤트맨과 와스프: 퀀텀매니아,1968,8993,259172,648799,34.986666666666665
2023-02-19,2023,2023Q1,1,20230209,앤트맨과 와스프: 퀀텀매니아,1956,8585,214146,862945,34.8600962395295
2023-02-20,2023,2023Q1,1,20230209,앤트맨과 와스프: 퀀텀매니아,1761,7171,60923,923868,35.37565287263961
2023-02-21,2023,2023Q1,1,20230209,앤트맨과 와스프: 퀀텀매니아,1765,6899,51765,975633,34.6078431372549
2023-03-14,2023,2023Q1,1,20226270,스즈메의 문단속,1333,5104,61602,1098259,34.67741935483871
2023-03-20,2023,2023Q1,1,20226270,스즈메의 문단속,1297,4906,62959,2014036,30.517647058823528
2023-03-25,2023,2023Q1,1,20226270,스즈메의 문단속,1559,6486,343307,2655544,30.598626104023552
2023-03-27,2023,2023Q1,1,20226270,스즈메의 문단속,1345,5073,57384,3022192,33.964646464646464
2023-03-28,2023,2023Q1,1,20226270,스즈메의 문단속,1357,5006,52308,3074500,34.12977867203219
2023-04-03,2023,2023Q2,1,20226270,스즈메의 문단속,1314,4748,39749,3824470,30.910374029640085
2023-04-04,2023,2023Q2,1,20226270,스즈메의 문단속,1323,4632,35091,3859561,31.05633802816901
2023-04-10,2023,2023Q2,1,20226270,스즈메의 문단속,1126,4088,30825,4374866,30.33405172413793
2023-04-12,2023,2023Q2,1,20231089,존 윅 4,1525,4665,113143,152284,32.944480449341114
2023-04-13,2023,2023Q2,1,20231089,존 윅 4,1532,4607,75387,227671,34.481206392077425
2023-04-17,2023,2023Q2,1,20231089,존 윅 4,1398,4149,55097,781353,30.351715154146763
2023-04-24,2023,2023Q2,1,20231089,존 윅 4,1390,3877,36771,1268795,30.151843817787416
2023-05-03,2023,2023Q2,1,20231496,가디언즈 오브 갤럭시: Volume 3,1810,7026,163314,164562,35.28953012283096
2023-05-04,2023,2023Q2,1,20231496,가디언즈 오브 갤럭시: Volume 3,1770,6786,200870,365432,30.39670273055126
2023-05-08,2023,2023Q2,1,20231496,가디언즈 오브 갤럭시: Volume 3,1631,6119,105019,1735913,30.28221314519124
2023-05-09,2023,2023Q2,1,20231496,가디언즈 오브 갤럭시: Volume 3,1642,6085,94108,1830021,30.818318318318315
2023-05-11,2023,2023Q2,1,20231496,가디언즈 오브 갤럭시: Volume 3,1639,5644,87298,2016464,30.123139128836613
2023-05-15,2023,2023Q2,1,20231496,가디언즈 오브 갤럭시: Volume 3,1645,5837,74700,2804007,30.496848350018546
2023-05-16,2023,2023Q2,1,20231496,가디언즈 오브 갤럭시: Volume 3,1673,5762,61312,2865319,31.0677808727948
2023-05-17,2023,2023Q2,1,20231592,분노의 질주: 라이드 오어 다이,1718,7074,132467,136356,33.15322269394056
2023-05-18,2023,2023Q2,1,20231592,분노의 질주: 라이드 오어 다이,1704,6936,92033,228389,33.47740667976424
2023-05-19,2023,2023Q2,1,20231592,분노의 질주: 라이드 오어 다이,1731,7176,125561,353950,32.162764771460424
2023-05-20,2023,2023Q2,1,20231592,분노의 질주: 라이드 오어 다이,1708,7351,259778,613728,30.04397537379068
2023-05-22,2023,2023Q2,1,20231592,분노의 질주: 라이드 오어 다이,1600,6420,66506,909798,33.66294971596886
2023-05-23,2023,2023Q2,1,20231592,분노의 질주: 라이드 오어 다이,1640,6315,54011,963809,33.01791826051943
2023-05-31,2023,2023Q2,1,20226411,범죄도시3,2352,12719,740844,1224178,45.928529584065615
2023-06-01,2023,2023Q2,1,20226411,범죄도시3,2262,12629,470910,1695088,44.60658647209623
2023-06-02,2023,2023Q2,1,20226411,범죄도시3,2352,13369,582418,2277506,45.07474128018398
2023-06-03,2023,2023Q2,1,20226411,범죄도시3,2582,14702,1162564,3440070,43.24958123953099
2023-06-04,2023,2023Q2,1,20226411,범죄도시3,2566,14500,1072153,4512223,43.017602682313495
2023-06-05,2023,2023Q2,1,20226411,범죄도시3,2430,14103,698263,5210486,43.5016111707841
2023-06-06,2023,2023Q2,1,20226411,범죄도시3,2217,12266,842599,6053085,41.93304331378854
2023-06-07,2023,2023Q2,1,20226411,범죄도시3,2097,11331,214567,6267652,44.769427839453456
2023-06-08,2023,2023Q2,1,20226411,범죄도시3,2109,11225,191942,6459594,46.058091286307054
2023-06-09,2023,2023Q2,1,20226411,범죄도시3,2121,11882,267566,6727160,44.13233458177279
2023-06-10,2023,2023Q2,1,20226411,범죄도시3,2167,12385,574062,7301222,41.58510842448666
2023-06-11,2023,2023Q2,1,20226411,범죄도시3,2147,11885,481438,7782660,41.6569654637175
2023-06-12,2023,2023Q2,1,20226411,범죄도시3,1968,10871,143292,7925952,45.356072827840514
2023-06-13,2023,2023Q2,1,20226411,범죄도시3,2059,10442,120164,8046116,43.310896087505256
2023-07-12,2023,2023Q3,1,20232631,미션 임파서블: 데드 레코닝 PART ONE,2437,9565,229753,396538,46.8113714944295
2023-07-13,2023,2023Q3,1,20232631,미션 임파서블: 데드 레코닝 PART ONE,2408,9330,162754,559292,47.12328767123288
2023-07-14,2023,2023Q3,1,20232631,미션 임파서블: 데드 레코닝 PART ONE,2406,9518,231397,790689,44.94675882682608
2023-07-15,2023,2023Q3,1,20232631,미션 임파서블: 데드 레코닝 PART ONE,2311,9456,528901,1319590,41.89630166787527
2023-07-16,2023,2023Q3,1,20232631,미션 임파서블: 데드 레코닝 PART ONE,2268,9033,448499,1768089,41.55368266764383
2023-07-17,2023,2023Q3,1,20232631,미션 임파서블: 데드 레코닝 PART ONE,2195,8408,129271,1897360,45.14603044014809
2023-07-18,2023,2023Q3,1,20232631,미션 임파서블: 데드 레코닝 PART ONE,2212,8286,117419,2014779,44.759206798866856
2023-07-19,2023,2023Q3,1,20232631,미션 임파서블: 데드 레코닝 PART ONE,1810,6587,113225,2128004,35.152456787725775
2023-07-26,2023,2023Q3,1,20218541,밀수,1932,9141,318084,359266,32.78465976582386
2023-07-27,2023,2023Q3,1,20218541,밀수,1867,8946,189507,548773,33.05009736236502
2023-07-28,2023,2023Q3,1,20218541,밀수,1877,9221,229232,778005,32.535968105390886
2023-07-29,2023,2023Q3,1,20218541,밀수,1845,9176,473849,1251854,30.480753345448537
2023-07-31,2023,2023Q3,1,20218541,밀수,1759,8511,253361,1978231,31.24888967845088
2023-08-01,2023,2023Q3,1,20218541,밀수,1771,8557,246033,2224264,30.134422324315125
2023-10-25,2023,2023Q4,1,20234664,그대들은 어떻게 살 것인가,1733,6768,255230,255230,37.56774333405593
2023-10-26,2023,2023Q4,1,20234664,그대들은 어떻게 살 것인가,1625,6378,94078,349308,39.72133952578832
2023-10-27,2023,2023Q4,1,20234664,그대들은 어떻게 살 것인가,1668,6834,130667,479975,36.65934065934066
2023-10-28,2023,2023Q4,1,20234664,그대들은 어떻게 살 것인가,1728,7727,254843,734818,35.07917174177832
2023-10-29,2023,2023Q4,1,20234664,그대들은 어떻게 살 것인가,1716,7435,213147,947965,33.960023748268355
2023-10-30,2023,2023Q4,1,20234664,그대들은 어떻게 살 것인가,1542,6023,59678,1007643,37.85907193714706
2023-10-31,2023,2023Q4,1,20234664,그대들은 어떻게 살 것인가,1546,5916,56021,1063664,35.77047663118926
2023-11-08,2023,2023Q4,1,20235034,더 마블스,1532,7277,91490,92214,32.33431827775433
2023-11-09,2023,2023Q4,1,20235034,더 마블스,1474,6474,50137,142351,31.40848071595994
2023-11-22,2023,2023Q4,1,20212866,서울의 봄,2144,8392,203813,219445,48.94977168949772
2023-11-23,2023,2023Q4,1,20212866,서울의 봄,2161,8339,179084,398529,45.01145594667778
2023-11-24,2023,2023Q4,1,20212866,서울의 봄,2204,8786,274610,673139,44.2570281124498
2023-11-25,2023,2023Q4,1,20212866,서울의 봄,2322,9641,594436,1267575,42.94433142223044
2023-11-26,2023,2023Q4,1,20212866,서울의 봄,2328,9427,625180,1892755,44.32597105864433
2023-11-27,2023,2023Q4,1,20212866,서울의 봄,2176,8498,239666,2132421,48.36630362302734
2023-11-28,2023,2023Q4,1,20212866,서울의 봄,2241,8604,232277,2364698,47.69099808469887
2023-11-29,2023,2023Q4,1,20212866,서울의 봄,2194,7833,346732,2711430,45.3586934050031
2023-11-30,2023,2023Q4,1,20212866,서울의 봄,2119,7700,241470,2952900,40.91523460127438
2023-12-01,2023,2023Q4,1,20212866,서울의 봄,2281,8573,323985,3276885,43.87382188882478
2023-12-02,2023,2023Q4,1,20212866,서울의 봄,2433,9924,700900,3977785,43.83783783783784
2023-12-03,2023,2023Q4,1,20212866,서울의 봄,2463,9692,677249,4655034,42.23975304407477
2023-12-04,2023,2023Q4,1,20212866,서울의 봄,2196,8417,214343,4869377,47.78067885117493
2023-12-05,2023,2023Q4,1,20212866,서울의 봄,2219,8429,198569,5067946,48.15538194444444
2023-12-06,2023,2023Q4,1,20212866,서울의 봄,1979,7340,203042,5270988,40.27269027269027
2023-12-07,2023,2023Q4,1,20212866,서울의 봄,2023,7481,200532,5471520,40.0118670886076
2023-12-08,2023,2023Q4,1,20212866,서울의 봄,2150,8211,289920,5761440,40.874524714828894
2023-12-09,2023,2023Q4,1,20212866,서울의 봄,2301,9331,626174,6387614,39.27291346646186
2023-12-10,2023,2023Q4,1,20212866,서울의 봄,2286,8957,584136,6971750,37.81637717121588
2023-12-11,2023,2023Q4,1,20212866,서울의 봄,2067,7767,190750,7162500,41.98659354052407
2023-12-12,2023,2023Q4,1,20212866,서울의 봄,2137,7798,199853,7362353,42.45976554738725
2023-12-13,2023,2023Q4,1,20212866,서울의 봄,2014,7441,188621,7550974,34.527687296416936
2023-12-14,2023,2023Q4,1,20212866,서울의 봄,2050,7532,177959,7728933,35.72050879944241
2023-12-15,2023,2023Q4,1,20212866,서울의 봄,2156,8174,269165,7998098,35.981308411214954
2023-12-16,2023,2023Q4,1,20212866,서울의 봄,2313,9250,497073,8495171,36.20851596743895
2023-12-17,2023,2023Q4,1,20212866,서울의 봄,2259,8887,445484,8940655,36.057462090981645
2023-12-18,2023,2023Q4,1,20212866,서울의 봄,2065,7799,142485,9083140,38.28327771598072
2023-12-19,2023,2023Q4,1,20212866,서울의 봄,2101,7814,135758,9218898,37.34447209384999
2023-12-20,2023,2023Q4,1,20203702,노량: 죽음의 바다,2196,7748,216769,246123,38.53983853983854
2023-12-21,2023,2023Q4,1,20203702,노량: 죽음의 바다,2166,7529,170130,416253,37.97335203366059
2023-12-22,2023,2023Q4,1,20203702,노량: 죽음의 바다,2129,7468,212405,628658,32.90571870170015
2023-12-26,2023,2023Q4,1,20203702,노량: 죽음의 바다,1877,6380,136330,2367281,30.109079242861725
2024-01-31,2024,2024Q1,1,20236180,웡카,1717,7405,179783,181301,33.89261744966443
2024-02-01,2024,2024Q1,1,20236180,웡카,1646,6886,78687,259988,33.9311482168625
2024-02-02,2024,2024Q1,1,20236180,웡카,1681,7198,92026,352014,33.26078353779185
2024-02-03,2024,2024Q1,1,20236180,웡카,1751,8082,226091,578105,30.80577058409571
2024-02-04,2024,2024Q1,1,20236180,웡카,1753,7775,208615,786720,31.076050345683388
2024-02-05,2024,2024Q1,1,20236180,웡카,1575,6504,64984,851704,33.31218274111675
2024-02-06,2024,2024Q1,1,20236180,웡카,1592,6375,62799,914503,33.50873500315723
2024-02-22,2024,2024Q1,1,20234675,파묘,1944,7535,330118,336129,38.41138114997037
2024-02-23,2024,2024Q1,1,20234675,파묘,2086,8253,374492,710621,38.96880254063142
2024-02-24,2024,2024Q1,1,20234675,파묘,2355,9473,770974,1481595,42.37135660309464
2024-02-25,2024,2024Q1,1,20234675,파묘,2351,9262,819842,2301437,42.094897045658016
2024-02-26,2024,2024Q1,1,20234675,파묘,2097,8241,328445,2629882,42.35507978186225
2024-02-27,2024,2024Q1,1,20234675,파묘,2145,8359,298464,2928346,42.92575545327196
2024-02-28,2024,2024Q1,1,20234675,파묘,1885,7156,384594,3312940,36.35486981677917
2024-02-29,2024,2024Q1,1,20234675,파묘,2039,7986,384294,3697234,38.61742424242424
2024-03-01,2024,2024Q1,1,20234675,파묘,2315,9700,851600,4548834,41.32452695465905
2024-03-02,2024,2024Q1,1,20234675,파묘,2367,10068,832278,5381112,41.99787083037616
2024-03-03,2024,2024Q1,1,20234675,파묘,2363,9539,652059,6033171,42.20396499374888
2024-03-04,2024,2024Q1,1,20234675,파묘,2105,8222,207996,6241167,42.269076305220885
2024-03-05,2024,2024Q1,1,20234675,파묘,2148,8294,190540,6431707,43.58766233766234
2024-03-06,2024,2024Q1,1,20234675,파묘,2021,7646,174674,6606381,37.08256880733945
2024-03-07,2024,2024Q1,1,20234675,파묘,2021,7632,160362,6766743,37.64903129657228
2024-03-08,2024,2024Q1,1,20234675,파묘,2098,8267,243235,7009978,37.0933521923621
2024-03-09,2024,2024Q1,1,20234675,파묘,2164,9143,559672,7569650,35.336381450032654
2024-03-10,2024,2024Q1,1,20234675,파묘,2149,8704,472287,8041937,35.386135353202704
2024-03-11,2024,2024Q1,1,20234675,파묘,1940,7450,135262,8177199,37.70651117589893
2024-03-12,2024,2024Q1,1,20234675,파묘,1967,7547,121933,8299132,38.76625936145054
2024-03-13,2024,2024Q1,1,20234675,파묘,1735,6422,113406,8412538,31.695286810376324
2024-03-14,2024,2024Q1,1,20234675,파묘,1754,6456,105065,8517603,35.92789840229414
2024-03-15,2024,2024Q1,1,20234675,파묘,1860,7090,150668,8668271,36.773428232502965
2024-03-16,2024,2024Q1,1,20234675,파묘,1959,7986,344954,9013225,35.476276711336475
2024-03-17,2024,2024Q1,1,20234675,파묘,1942,7661,285277,9298502,35.52872301500183
2024-03-18,2024,2024Q1,1,20234675,파묘,1756,6525,82399,9380901,35.18332999398918
2024-03-19,2024,2024Q1,1,20234675,파묘,1785,6467,71978,9452879,37.88200339558574
2024-03-20,2024,2024Q1,1,20234675,파묘,1617,5969,69871,9522750,33.715596330275226
2024-03-21,2024,2024Q1,1,20234675,파묘,1621,5919,68249,9590999,35.11698440207972
2024-03-22,2024,2024Q1,1,20234675,파묘,1725,6552,108889,9699888,37.37001733102253
2024-03-23,2024,2024Q1,1,20234675,파묘,1807,7402,265402,9965290,34.59035222052068
2024-03-24,2024,2024Q1,1,20234675,파묘,1790,7056,243741,10209031,34.683200930052315
2024-03-25,2024,2024Q1,1,20234675,파묘,1660,6208,90174,10299205,37.821827295511504
2024-03-26,2024,2024Q1,1,20234675,파묘,1691,6152,79160,10378365,37.328918322295806
2024-04-10,2024,2024Q2,1,20236614,쿵푸팬더4,2311,10626,429108,432122,38.25525575235888
2024-04-11,2024,2024Q2,1,20236614,쿵푸팬더4,1625,6181,37037,469159,32.18459100812042
2024-04-12,2024,2024Q2,1,20236614,쿵푸팬더4,1683,6876,54113,523272,31.32328308207705
2024-04-13,2024,2024Q2,1,20236614,쿵푸팬더4,2091,10160,188278,711550,36.070381231671554
2024-04-14,2024,2024Q2,1,20236614,쿵푸팬더4,2065,9565,166179,877729,35.2991452991453
2024-04-15,2024,2024Q2,1,20236614,쿵푸팬더4,1454,5157,26179,903908,30.559058427910884
2024-04-16,2024,2024Q2,1,20236614,쿵푸팬더4,1416,4614,21759,925667,31.92784667418264
2024-04-24,2024,2024Q2,1,20228797,범죄도시4,2930,15674,821466,861918,62.18166383701188
2024-04-25,2024,2024Q2,1,20228797,범죄도시4,2846,15346,473054,1334972,60.76003415883861
2024-04-26,2024,2024Q2,1,20228797,범죄도시4,2883,16325,651172,1986144,59.78846951472418
2024-04-27,2024,2024Q2,1,20228797,범죄도시4,2980,17616,1219038,3205182,60.2141846837745
2024-04-28,2024,2024Q2,1,20228797,범죄도시4,2970,16833,1048321,4253503,60.35358666937615
2024-04-29,2024,2024Q2,1,20228797,범죄도시4,2758,15144,362002,4615505,62.03328834907782
2024-04-30,2024,2024Q2,1,20228797,범죄도시4,2819,15700,389867,5005372,60.89868222078203
2024-05-01,2024,2024Q2,1,20228797,범죄도시4,2702,14172,784775,5790147,48.851925510757546
2024-05-02,2024,2024Q2,1,20228797,범죄도시4,2661,13777,250557,6040704,54.19551934826884
2024-05-03,2024,2024Q2,1,20228797,범죄도시4,2715,14654,380639,6421343,52.80046674445741
2024-05-04,2024,2024Q2,1,20228797,범죄도시4,2795,15465,689896,7111239,48.63406994953889
2024-05-05,2024,2024Q2,1,20228797,범죄도시4,2778,15002,851693,7962932,46.04674291397315
2024-05-06,2024,2024Q2,1,20228797,범죄도시4,2745,14402,606796,8569728,47.1244635193133
2024-05-07,2024,2024Q2,1,20228797,범죄도시4,2575,12939,148747,8718475,55.19828510182207
2024-05-08,2024,2024Q2,1,20228797,범죄도시4,2022,9738,124517,8842992,40.815502624142106
2024-05-09,2024,2024Q2,1,20228797,범죄도시4,2004,9578,117161,8960153,42.4306584797798
2024-05-10,2024,2024Q2,1,20228797,범죄도시4,2035,10137,161651,9121804,40.98690835850957
2024-05-11,2024,2024Q2,1,20228797,범죄도시4,2071,10791,328231,9450035,37.7712930877257
2024-05-12,2024,2024Q2,1,20228797,범죄도시4,2042,10391,287421,9737456,37.61282004052312
2024-05-13,2024,2024Q2,1,20228797,범죄도시4,1921,9001,87129,9824585,42.81256964564297
2024-05-14,2024,2024Q2,1,20228797,범죄도시4,1968,9482,111645,9936230,42.02434336963485
2024-06-12,2024,2024Q2,1,20235974,인사이드 아웃 2,2177,10241,194831,196487,38.38152327221439
2024-06-13,2024,2024Q2,1,20235974,인사이드 아웃 2,2129,10153,135763,332250,41.590154327017
2024-06-14,2024,2024Q2,1,20235974,인사이드 아웃 2,2215,11133,242059,574309,41.95870430005683
2024-06-15,2024,2024Q2,1,20235974,인사이드 아웃 2,2587,14095,777041,1351350,44.4272711660656
2024-06-16,2024,2024Q2,1,20235974,인사이드 아웃 2,2619,13817,731319,2082669,45.555748825882766
2024-06-17,2024,2024Q2,1,20235974,인사이드 아웃 2,2109,10343,139876,2222545,42.75288870869653
2024-06-18,2024,2024Q2,1,20235974,인사이드 아웃 2,2143,10295,130699,2353244,43.06672025723473
2024-06-19,2024,2024Q2,1,20235974,인사이드 아웃 2,2090,10093,143105,2496349,44.686765020312166
2024-06-20,2024,2024Q2,1,20235974,인사이드 아웃 2,2076,10030,140314,2636663,43.494657448145816
2024-06-21,2024,2024Q2,1,20235974,인사이드 아웃 2,1901,9588,214873,2851536,41.47033158813264
2024-06-22,2024,2024Q2,1,20235974,인사이드 아웃 2,2410,12769,669250,3520786,50.74752579490419
2024-06-23,2024,2024Q2,1,20235974,인사이드 아웃 2,2387,12314,593565,4114351,49.79140592407176
2024-06-24,2024,2024Q2,1,20235974,인사이드 아웃 2,1792,8811,120345,4234696,40.69952305246423
2024-06-25,2024,2024Q2,1,20235974,인사이드 아웃 2,1813,8607,104897,4339593,39.95152049360952
2024-06-26,2024,2024Q2,1,20235974,인사이드 아웃 2,1550,6871,184815,4524408,31.174577634754623
2024-06-27,2024,2024Q2,1,20235974,인사이드 아웃 2,1463,6595,100720,4625128,30.352697095435683
2024-06-28,2024,2024Q2,1,20235974,인사이드 아웃 2,1566,7275,164568,4789696,31.490046249748644
2024-06-29,2024,2024Q2,1,20235974,인사이드 아웃 2,1925,9421,436598,5226294,35.14697827277707
2024-06-30,2024,2024Q2,1,20235974,인사이드 아웃 2,1917,9086,412539,5638833,34.76605005440697
2024-07-01,2024,2024Q3,1,20235974,인사이드 아웃 2,1424,6539,82143,5720976,31.09849312076873
2024-07-02,2024,2024Q3,1,20235974,인사이드 아웃 2,1437,6350,83386,5804362,30.12578616352201
2024-07-24,2024,2024Q3,1,20247781,데드풀과 울버린,1936,8234,230124,231759,30.99583733589497
2024-07-25,2024,2024Q3,1,20247781,데드풀과 울버린,1908,8054,131664,363423,30.513353590276665
2024-07-26,2024,2024Q3,1,20247781,데드풀과 울버린,1947,8677,164657,528080,31.082375478927204
2024-07-27,2024,2024Q3,1,20247781,데드풀과 울버린,1948,8847,311596,839676,30.945194598888005
2024-07-28,2024,2024Q3,1,20247781,데드풀과 울버린,1919,8414,246314,1085990,30.503894452392306
2024-07-29,2024,2024Q3,1,20247781,데드풀과 울버린,1784,7672,92532,1178522,30.058972198820555
2024-08-03,2024,2024Q3,1,20224666,파일럿,1954,9561,441577,1339815,30.070791012619267
2024-08-04,2024,2024Q3,1,20224666,파일럿,1956,9236,404673,1744488,30.38210624417521
2024-08-05,2024,2024Q3,1,20224666,파일럿,1796,8589,157828,1902316,30.9975837072834
2024-08-06,2024,2024Q3,1,20224666,파일럿,1827,8636,144970,2047286,32.04138898632059
2024-09-13,2024,2024Q3,1,20239670,베테랑2,2682,13450,497498,515994,53.704445334401285
2024-09-14,2024,2024Q3,1,20239670,베테랑2,2668,13928,755086,1271080,49.28874930722335
2024-09-15,2024,2024Q3,1,20239670,베테랑2,2691,13983,824702,2095782,48.64425162689805
2024-09-16,2024,2024Q3,1,20239670,베테랑2,2685,14021,764681,2860463,49.04109589041096
2024-09-17,2024,2024Q3,1,20239670,베테랑2,2679,13968,854175,3714638,49.00310956648985
2024-09-18,2024,2024Q3,1,20239670,베테랑2,2647,13139,738619,4453257,52.03459799488893
2024-09-19,2024,2024Q3,1,20239670,베테랑2,2439,11377,233283,4686540,54.870641169853776
2024-09-20,2024,2024Q3,1,20239670,베테랑2,2482,11776,218067,4904607,55.83802024746907
2024-09-21,2024,2024Q3,1,20239670,베테랑2,2520,12296,386734,5291341,50.480769230769226
2024-09-22,2024,2024Q3,1,20239670,베테랑2,2497,11745,309695,5601036,50.34274193548387
2024-09-23,2024,2024Q3,1,20239670,베테랑2,2327,10014,99916,5700952,55.77660594439118
2024-09-24,2024,2024Q3,1,20239670,베테랑2,2344,9836,88771,5789723,54.38515081206496
2024-09-25,2024,2024Q3,1,20239670,베테랑2,2120,8636,132449,5922172,45.2991452991453
2024-09-26,2024,2024Q3,1,20239670,베테랑2,2033,8112,75957,5998129,44.92817679558011
2024-09-27,2024,2024Q3,1,20239670,베테랑2,2025,8532,93990,6092119,42.75760135135135
2024-09-28,2024,2024Q3,1,20239670,베테랑2,2008,9026,171298,6263417,38.48217707934074
2024-09-29,2024,2024Q3,1,20239670,베테랑2,1973,8618,148391,6411808,37.92043052085335
2024-09-30,2024,2024Q3,1,20239670,베테랑2,1891,8010,77575,6489383,43.74277122368726
2024-10-23,2024,2024Q4,1,20240941,베놈: 라스트 댄스,1656,7484,127645,129139,35.94530062947688
2024-10-24,2024,2024Q4,1,20240941,베놈: 라스트 댄스,1628,7141,78281,207420,36.23414199866459
2024-10-25,2024,2024Q4,1,20240941,베놈: 라스트 댄스,1663,7489,117771,325191,35.14370245139476
2024-10-26,2024,2024Q4,1,20240941,베놈: 라스트 댄스,1663,8027,248153,573344,32.16634429400387
2024-10-27,2024,2024Q4,1,20240941,베놈: 라스트 댄스,1663,7813,218530,791874,32.81373322809787
2024-10-28,2024,2024Q4,1,20240941,베놈: 라스트 댄스,1538,6442,54394,846268,36.56680932001903
2024-10-29,2024,2024Q4,1,20240941,베놈: 라스트 댄스,1544,6310,49388,895656,34.19712070874862
2024-10-30,2024,2024Q4,1,20233057,아마존 활명수,1479,6095,88302,106842,30.954374215152782
2024-11-13,2024,2024Q4,1,20242248,글래디에이터 Ⅱ,1769,6252,72025,75743,39.093922651933696
2024-11-14,2024,2024Q4,1,20242248,글래디에이터 Ⅱ,1522,5145,48582,124325,31.52444076222038
2024-11-15,2024,2024Q4,1,20242248,글래디에이터 Ⅱ,1561,5604,63058,187383,31.69543147208122
2024-11-17,2024,2024Q4,1,20242248,글래디에이터 Ⅱ,1544,5684,123151,442871,30.00971817298348
2024-11-18,2024,2024Q4,1,20242248,글래디에이터 Ⅱ,1478,4945,51195,494066,34.126067882706074
2024-11-19,2024,2024Q4,1,20242248,글래디에이터 Ⅱ,1458,4864,37332,531398,32.764044943820224
2024-11-20,2024,2024Q4,1,20247693,위키드,1663,5327,84925,86181,32.153905645784995
2024-11-21,2024,2024Q4,1,20247693,위키드,1655,5143,63398,149579,32.476452119309265
2024-11-22,2024,2024Q4,1,20247693,위키드,1729,5555,90844,240423,32.69667170953101
2024-11-23,2024,2024Q4,1,20247693,위키드,1803,6325,214829,455252,32.9014598540146
2024-11-24,2024,2024Q4,1,20247693,위키드,1801,6057,195001,650253,32.96120058565154
2024-11-25,2024,2024Q4,1,20247693,위키드,1617,5023,54902,705155,33.7648778450616
2024-11-26,2024,2024Q4,1,20247693,위키드,1623,5020,52670,757825,33.56079404466501
2024-11-27,2024,2024Q4,1,20240737,모아나 2,1779,7256,196876,197724,33.06076937372235
2024-11-28,2024,2024Q4,1,20240737,모아나 2,1631,6836,99638,297362,32.816901408450704
2024-11-29,2024,2024Q4,1,20240737,모아나 2,1728,7394,143828,441190,33.211608687295794
2024-11-30,2024,2024Q4,1,20240737,모아나 2,1974,9352,490096,931286,36.80775685250792
2024-12-01,2024,2024Q4,1,20240737,모아나 2,1985,9068,437075,1368361,37.50944822373394
2024-12-02,2024,2024Q4,1,20240737,모아나 2,1504,6006,61789,1430150,31.366006256517203
2024-12-03,2024,2024Q4,1,20240737,모아나 2,1535,5877,59422,1489572,32.315789473684205
2024-12-24,2024,2024Q4,1,20228796,하얼빈,2115,10143,381521,406202,35.36789297658863
2024-12-25,2024,2024Q4,1,20228796,하얼빈,2051,9859,847790,1253992,30.740407673860908
2024-12-26,2024,2024Q4,1,20228796,하얼빈,2125,9179,227461,1481453,34.705209864445536
2024-12-27,2024,2024Q4,1,20228796,하얼빈,2038,9378,196103,1677556,32.8921885087153
2024-12-30,2024,2024Q4,1,20228796,하얼빈,1847,8441,157539,2542839,31.25211505922166
2025-01-22,2025,2025Q1,1,20233006,히트맨2,1375,5598,100621,103989,30.40689960194604
2025-01-23,2025,2025Q1,1,20233006,히트맨2,1410,5612,75696,179685,33.58742258218199
2025-01-24,2025,2025Q1,1,20247450,검은 수녀들,1662,7298,163727,181384,32.92393026941363
2025-02-12,2025,2025Q1,1,20242404,캡틴 아메리카: 브레이브 뉴 월드,1766,7937,123237,124005,35.647961243439646
2025-02-13,2025,2025Q1,1,20242404,캡틴 아메리카: 브레이브 뉴 월드,1774,7616,84843,208848,35.751713018943974
2025-02-14,2025,2025Q1,1,20242404,캡틴 아메리카: 브레이브 뉴 월드,1757,7916,113881,322729,34.26287051482059
2025-02-15,2025,2025Q1,1,20242404,캡틴 아메리카: 브레이브 뉴 월드,1901,8809,258697,581426,34.18449919079302
2025-02-16,2025,2025Q1,1,20242404,캡틴 아메리카: 브레이브 뉴 월드,1873,8450,211258,792684,34.97012696041823
2025-02-17,2025,2025Q1,1,20242404,캡틴 아메리카: 브레이브 뉴 월드,1634,6759,59016,851700,35.02679528403001
2025-02-18,2025,2025Q1,1,20242404,캡틴 아메리카: 브레이브 뉴 월드,1639,6597,51962,903662,35.08133561643836
2025-02-19,2025,2025Q1,1,20242404,캡틴 아메리카: 브레이브 뉴 월드,1572,6245,49474,953136,34.694327962922095
2025-02-20,2025,2025Q1,1,20242404,캡틴 아메리카: 브레이브 뉴 월드,1563,6056,43079,996215,34.80293921175684
2025-02-28,2025,2025Q1,1,20244821,미키 17,2151,8758,248047,254393,39.98141263940521
2025-03-01,2025,2025Q1,1,20244821,미키 17,2153,9232,356296,610689,36.27632687447346
2025-03-02,2025,2025Q1,1,20244821,미키 17,2133,9172,376171,986860,36.42418032786885
2025-03-03,2025,2025Q1,1,20244821,미키 17,2072,8609,316111,1302971,35.57692307692308
2025-03-04,2025,2025Q1,1,20244821,미키 17,1882,6935,82482,1385453,39.10243091626844
2025-03-05,2025,2025Q1,1,20244821,미키 17,1815,6531,80034,1465487,36.31452581032413
2025-03-06,2025,2025Q1,1,20244821,미키 17,1800,6337,70861,1536348,36.496350364963504
2025-03-07,2025,2025Q1,1,20244821,미키 17,1849,6831,109850,1646198,37.61187957689178
2025-03-08,2025,2025Q1,1,20244821,미키 17,1895,7536,252874,1899072,36.42129540649625
2025-03-09,2025,2025Q1,1,20244821,미키 17,1861,7200,199475,2098547,35.61722488038278
2025-03-10,2025,2025Q1,1,20244821,미키 17,1705,5817,52077,2150624,36.72194701701486
2025-03-11,2025,2025Q1,1,20244821,미키 17,1695,5741,45725,2196349,36.55380634030623
2025-03-12,2025,2025Q1,1,20244821,미키 17,1494,4725,44646,2240995,30.65873178739996
2025-03-14,2025,2025Q1,1,20244821,미키 17,1507,4975,62114,2343367,30.38919136922767
2025-03-26,2025,2025Q1,1,20203863,승부,1638,6650,91471,95646,33.71064004939288
2025-03-27,2025,2025Q1,1,20203863,승부,1554,6416,60940,156586,34.14634146341464
2025-03-28,2025,2025Q1,1,20203863,승부,1649,7159,92327,248913,33.74948833401555
2025-03-29,2025,2025Q1,1,20203863,승부,1773,8161,234094,483007,34.62890625
2025-03-30,2025,2025Q1,1,20203863,승부,1756,7787,217830,700837,34.62827844606586
2025-03-31,2025,2025Q1,1,20203863,승부,1547,6515,68400,769237,38.84982420894024
2025-04-01,2025,2025Q2,1,20203863,승부,1548,6303,57728,826965,38.47874720357942
2025-04-02,2025,2025Q2,1,20203863,승부,1373,5196,50781,877746,32.878352490421456
2025-04-03,2025,2025Q2,1,20203863,승부,1390,5172,46936,924682,34.46565831886933
2025-04-04,2025,2025Q2,1,20203863,승부,1426,5581,68484,993166,32.81178094799816
2025-04-05,2025,2025Q2,1,20203863,승부,1521,6602,208378,1201544,30.280708739796932
2025-04-06,2025,2025Q2,1,20203863,승부,1511,6268,150716,1352260,30.83673469387755
2025-04-07,2025,2025Q2,1,20203863,승부,1298,4979,41630,1393890,34.958254780500944
2025-04-08,2025,2025Q2,1,20203863,승부,1337,4891,36753,1430643,34.96338912133891
2025-04-09,2025,2025Q2,1,20203863,승부,1197,4374,36183,1466826,32.108369098712444
2025-04-10,2025,2025Q2,1,20203863,승부,1207,4326,35381,1502207,30.806533945890763
2025-04-14,2025,2025Q2,1,20203863,승부,1141,4259,33277,1841928,32.58138206739007
2025-04-15,2025,2025Q2,1,20203863,승부,1156,4014,25332,1867260,33.29493087557604
2025-04-16,2025,2025Q2,1,20232394,야당,1683,6786,85705,104548,44.500264410364885
2025-04-17,2025,2025Q2,1,20232394,야당,1689,6709,73742,178290,42.9006858013716
2025-04-18,2025,2025Q2,1,20232394,야당,1746,7342,107265,285555,41.55164207520228
2025-04-19,2025,2025Q2,1,20232394,야당,1850,8162,263212,548767,43.30524344569288
2025-04-20,2025,2025Q2,1,20232394,야당,1837,7821,239706,788473,40.17056636781107
2025-04-21,2025,2025Q2,1,20232394,야당,1654,6589,82246,870719,44.63032919589855
2025-04-22,2025,2025Q2,1,20232394,야당,1677,6684,91358,962077,43.154915079773545
2025-04-23,2025,2025Q2,1,20232394,야당,1718,6830,78725,1040802,45.55820737204985
2025-04-24,2025,2025Q2,1,20232394,야당,1756,6827,74461,1115263,47.15359828141783
2025-04-25,2025,2025Q2,1,20232394,야당,1798,7455,108658,1223921,45.49595141700405
2025-04-26,2025,2025Q2,1,20232394,야당,1765,7097,220908,1444829,36.49710504549214
2025-04-27,2025,2025Q2,1,20232394,야당,1742,6718,191882,1636711,35.54376657824933
2025-04-28,2025,2025Q2,1,20232394,야당,1569,6037,65681,1702392,38.72161895360316
2025-04-29,2025,2025Q2,1,20232394,야당,1604,5992,58474,1760866,38.94149065307113
2025-05-17,2025,2025Q2,1,20246489,미션 임파서블: 파이널 레코닝,2385,8835,423889,427481,41.959887403237154
2025-05-18,2025,2025Q2,1,20246489,미션 임파서블: 파이널 레코닝,2360,8387,335564,763045,42.3394330821672
2025-05-19,2025,2025Q2,1,20246489,미션 임파서블: 파이널 레코닝,2091,6743,107449,870494,41.971095945403455
2025-05-20,2025,2025Q2,1,20246489,미션 임파서블: 파이널 레코닝,2138,6716,101189,971683,42.513422151521176
2025-05-21,2025,2025Q2,1,20246489,미션 임파서블: 파이널 레코닝,1972,6146,96073,1067756,39.98377939983779
2025-05-22,2025,2025Q2,1,20246489,미션 임파서블: 파이널 레코닝,1941,6045,84519,1152275,39.34725319278329
2025-05-23,2025,2025Q2,1,20246489,미션 임파서블: 파이널 레코닝,2063,6575,133298,1285573,39.93418505613627
2025-05-24,2025,2025Q2,1,20246489,미션 임파서블: 파이널 레코닝,2150,7455,309938,1595511,37.78558875219684
2025-05-25,2025,2025Q2,1,20246489,미션 임파서블: 파이널 레코닝,2115,7077,244898,1840409,37.92361484669177
2025-05-26,2025,2025Q2,1,20246489,미션 임파서블: 파이널 레코닝,1852,5659,60085,1900494,40.507436570428695
2025-05-27,2025,2025Q2,1,20246489,미션 임파서블: 파이널 레코닝,1877,5609,54631,1955125,40.94677137870856
2025-05-28,2025,2025Q2,1,20246489,미션 임파서블: 파이널 레코닝,1998,5715,95142,2050267,38.90944498539435
2025-05-29,2025,2025Q2,1,20246489,미션 임파서블: 파이널 레코닝,1883,5439,51226,2101493,40.44243986254296
2025-08-22,2025,2025Q3,1,20253289,극장판 귀멸의 칼날: 무한성편,2298,8510,517922,543884,42.579210672595885
2025-08-23,2025,2025Q3,1,20253289,극장판 귀멸의 칼날: 무한성편,2279,8840,606257,1150141,39.31343798516474
2025-08-24,2025,2025Q3,1,20253289,극장판 귀멸의 칼날: 무한성편,2237,8413,498936,1649077,39.06741180579812
2025-08-25,2025,2025Q3,1,20253289,극장판 귀멸의 칼날: 무한성편,2011,7013,215368,1864445,40.22804560912183
2025-08-26,2025,2025Q3,1,20253289,극장판 귀멸의 칼날: 무한성편,2014,6942,152305,2016750,39.38979072951301
2025-08-27,2025,2025Q3,1,20253289,극장판 귀멸의 칼날: 무한성편,2155,6877,217627,2234377,36.724608043626446
2025-08-28,2025,2025Q3,1,20253289,극장판 귀멸의 칼날: 무한성편,1935,6423,118642,2353019,34.890010818608005
2025-08-29,2025,2025Q3,1,20253289,극장판 귀멸의 칼날: 무한성편,1969,6942,164974,2517993,34.824902723735406
2025-08-30,2025,2025Q3,1,20253289,극장판 귀멸의 칼날: 무한성편,2018,7597,350763,2868756,35.453267744202385
2025-08-31,2025,2025Q3,1,20253289,극장판 귀멸의 칼날: 무한성편,1995,7186,284962,3153718,35.14180024660912
2025-09-01,2025,2025Q3,1,20253289,극장판 귀멸의 칼날: 무한성편,1729,5807,88577,3242295,35.99084096586178
2025-09-02,2025,2025Q3,1,20253289,극장판 귀멸의 칼날: 무한성편,1761,5784,73984,3316279,35.916785641444015
2025-09-03,2025,2025Q3,1,20253289,극장판 귀멸의 칼날: 무한성편,1609,5027,79539,3395818,34.175870858113846
2025-09-04,2025,2025Q3,1,20253289,극장판 귀멸의 칼날: 무한성편,1582,4875,62698,3458516,32.94460641399417
2025-09-24,2025,2025Q3,1,20243561,어쩔수가없다,2114,7378,331495,354648,40.46707503828484
2025-09-25,2025,2025Q3,1,20243561,어쩔수가없다,1860,6848,109726,464374,37.98243822748621
2025-09-26,2025,2025Q3,1,20243561,어쩔수가없다,1872,7211,127023,591397,36.84314111395395
2025-09-27,2025,2025Q3,1,20243561,어쩔수가없다,1806,7142,242013,833410,31.03626052586355
2025-09-28,2025,2025Q3,1,20243561,어쩔수가없다,1786,6738,240255,1073665,30.79841351957234
2025-09-29,2025,2025Q3,1,20243561,어쩔수가없다,1589,5824,79230,1152895,33.11106480516774
2025-09-30,2025,2025Q3,1,20243561,어쩔수가없다,1592,5815,81342,1234237,32.6698132567207
2025-11-19,2025,2025Q4,1,20255381,위키드: 포 굿,1699,5740,108146,108830,32.63542066845947
2025-11-20,2025,2025Q4,1,20255381,위키드: 포 굿,1589,5176,52475,161305,31.21194264388136
2025-11-21,2025,2025Q4,1,20255381,위키드: 포 굿,1653,5642,77314,238619,31.088959939815688
2025-11-22,2025,2025Q4,1,20255381,위키드: 포 굿,1700,6554,164791,403410,30.46594982078853
2025-11-23,2025,2025Q4,1,20255381,위키드: 포 굿,1674,6081,133952,537362,30.36459278070016
2025-11-25,2025,2025Q4,2,20255381,위키드: 포 굿,1419,4222,28697,596238,30.53582956746288
2025-11-26,2025,2025Q4,1,20252432,주토피아 2,2084,8027,309168,310951,37.72628530050688
2025-11-27,2025,2025Q4,1,20252432,주토피아 2,1943,7769,172048,482999,37.890015600624025
2025-11-28,2025,2025Q4,1,20252432,주토피아 2,2047,8490,258740,741739,38.931152529478894
2025-11-29,2025,2025Q4,1,20252432,주토피아 2,2383,10719,700790,1442529,43.35091868291796
2025-11-30,2025,2025Q4,1,20252432,주토피아 2,2369,10422,664337,2106866,42.53905548572455
2025-12-01,2025,2025Q4,1,20252432,주토피아 2,1872,7839,152584,2259450,39.84674329501915
2025-12-02,2025,2025Q4,1,20252432,주토피아 2,1919,7842,141447,2400897,39.9126455906822
2025-12-06,2025,2025Q4,1,20252432,주토피아 2,2282,10308,563535,3432011,35.26502858908979
2025-12-07,2025,2025Q4,1,20252432,주토피아 2,2240,9920,499205,3931216,35.595105672969964
2025-12-08,2025,2025Q4,1,20252432,주토피아 2,1699,6705,96969,4028185,30.426217765042978
2025-12-10,2025,2025Q4,1,20252432,주토피아 2,1748,6888,131348,4255809,32.6484871124393
2025-12-12,2025,2025Q4,1,20252432,주토피아 2,1800,7357,180122,4544628,31.32068905515921
2025-12-13,2025,2025Q4,1,20252432,주토피아 2,2114,9545,427384,4972012,34.86722744515916
2025-12-14,2025,2025Q4,1,20252432,주토피아 2,2108,9102,398897,5370909,34.73961766644694
2025-12-15,2025,2025Q4,1,20252432,주토피아 2,1679,6576,81923,5452832,32.07871608712266
2025-12-16,2025,2025Q4,1,20252432,주토피아 2,1735,6653,93113,5545945,35.48057259713702
2025-12-17,2025,2025Q4,1,20256396,아바타: 불과 재,2582,8143,265031,266411,51.47527910685805
2025-12-18,2025,2025Q4,1,20256396,아바타: 불과 재,2535,7819,179034,445445,50.32757593805837
2025-12-19,2025,2025Q4,1,20256396,아바타: 불과 재,2514,8034,246179,691624,48.74927283304247
2025-12-20,2025,2025Q4,1,20256396,아바타: 불과 재,2385,8029,548560,1240184,44.33085501858736
2025-12-21,2025,2025Q4,1,20256396,아바타: 불과 재,2369,7723,505234,1745418,44.30521787918459
2025-12-22,2025,2025Q4,1,20256396,아바타: 불과 재,2249,6922,152241,1897659,47.32744107744108
2025-12-23,2025,2025Q4,1,20256396,아바타: 불과 재,2280,6935,145797,2043456,46.86536485097636
2025-12-24,2025,2025Q4,1,20256396,아바타: 불과 재,2050,6465,299139,2342595,36.93028283192218
2025-12-25,2025,2025Q4,1,20256396,아바타: 불과 재,1998,6384,640291,2982886,34.56747404844291
2025-12-26,2025,2025Q4,1,20256396,아바타: 불과 재,2034,6322,271858,3254744,35.380066098451906
2025-12-27,2025,2025Q4,1,20256396,아바타: 불과 재,2001,6478,416651,3671395,35.111423056676614
2025-12-28,2025,2025Q4,1,20256396,아바타: 불과 재,1976,6201,364963,4036358,35.374149659863946
2025-12-29,2025,2025Q4,1,20256396,아바타: 불과 재,1875,5663,138756,4175114,37.2985876268152
2025-12-30,2025,2025Q4,1,20256396,아바타: 불과 재,1897,5732,138613,4313727,36.25764525993883
2026-02-04,2026,2026Q1,1,20242837,왕과 사는 남자,1658,6932,117783,147538,39.30772878141299
2026-02-05,2026,2026Q1,1,20242837,왕과 사는 남자,1612,6723,91731,239269,37.610825944937005
2026-02-06,2026,2026Q1,1,20242837,왕과 사는 남자,1653,7152,126625,365894,34.76340694006309
2026-02-07,2026,2026Q1,1,20242837,왕과 사는 남자,1717,7714,327112,693006,32.54976303317535
2026-02-08,2026,2026Q1,1,20242837,왕과 사는 남자,1724,7292,308083,1001089,31.94959229058562
2026-02-09,2026,2026Q1,1,20242837,왕과 사는 남자,1530,6494,98379,1099468,34.45170006755235
2026-02-10,2026,2026Q1,1,20242837,왕과 사는 남자,1536,6557,95582,1195050,33.61785948785292
2026-02-15,2026,2026Q1,1,20242837,왕과 사는 남자,1836,7248,465254,2322603,31.46529562982005
2026-02-16,2026,2026Q1,1,20242837,왕과 사는 남자,1899,7804,537175,2859778,32.92873244321137
2026-02-17,2026,2026Q1,1,20242837,왕과 사는 남자,2010,8341,661439,3521217,35.96349973161567
2026-02-18,2026,2026Q1,1,20242837,왕과 사는 남자,2017,8045,653634,4174851,36.19885139985642
2026-02-19,2026,2026Q1,1,20242837,왕과 사는 남자,1607,6521,239783,4414634,33.95309528840059
2026-02-20,2026,2026Q1,1,20242837,왕과 사는 남자,1771,7277,264713,4679347,34.22222222222222
2026-02-21,2026,2026Q1,1,20242837,왕과 사는 남자,2106,9006,581160,5260507,39.137706745958
2026-02-22,2026,2026Q1,1,20242837,왕과 사는 남자,2142,8689,568288,5828795,39.68136346795109
2026-02-23,2026,2026Q1,1,20242837,왕과 사는 남자,1756,7273,195470,6024265,38.978912319644834
2026-02-24,2026,2026Q1,1,20242837,왕과 사는 남자,1778,7331,194636,6218901,37.613708483181725
2026-02-25,2026,2026Q1,1,20242837,왕과 사는 남자,1937,7497,309572,6528473,38.63183087355405
2026-02-26,2026,2026Q1,1,20242837,왕과 사는 남자,1803,7335,204929,6733402,37.8463476070529
2026-02-27,2026,2026Q1,1,20242837,왕과 사는 남자,1932,8039,278059,7011461,38.03898405197874
2026-02-28,2026,2026Q1,1,20242837,왕과 사는 남자,2165,9758,655719,7667180,40.219208619728775
2026-03-01,2026,2026Q1,1,20242837,왕과 사는 남자,2170,9709,817182,8484362,38.68782314137992
2026-03-02,2026,2026Q1,1,20242837,왕과 사는 남자,2150,9321,728915,9213277,39.73387543892072
2026-03-03,2026,2026Q1,1,20242837,왕과 사는 남자,1800,7489,194476,9407753,41.07713372889092
2026-03-04,2026,2026Q1,1,20242837,왕과 사는 남자,1633,6464,189637,9597390,36.82904826341903
2026-03-05,2026,2026Q1,1,20242837,왕과 사는 남자,1697,6654,180529,9777919,37.453100860737145
2026-03-06,2026,2026Q1,1,20242837,왕과 사는 남자,1881,7684,271738,10049657,39.17933763799208
2026-03-07,2026,2026Q1,1,20242837,왕과 사는 남자,2171,9535,754519,10804176,42.05734211545912
2026-03-08,2026,2026Q1,1,20242837,왕과 사는 남자,2187,9211,699459,11503635,42.56520046710782
2026-03-09,2026,2026Q1,1,20242837,왕과 사는 남자,1816,7356,203138,11706773,42.699271102751
2026-03-10,2026,2026Q1,1,20242837,왕과 사는 남자,1860,7464,177177,11883950,41.00529100529101
2026-03-11,2026,2026Q1,1,20242837,왕과 사는 남자,1934,7926,171419,12055369,45.77514792899408
2026-03-12,2026,2026Q1,1,20242837,왕과 사는 남자,1955,7839,158644,12214013,45.677570093457945
2026-03-13,2026,2026Q1,1,20242837,왕과 사는 남자,2036,8880,221367,12435380,50.024570024570025
2026-03-14,2026,2026Q1,1,20242837,왕과 사는 남자,2262,10416,554177,12989557,50.43478260869565
2026-03-15,2026,2026Q1,1,20242837,왕과 사는 남자,2223,9908,478133,13467690,51.76991150442478
2026-03-16,2026,2026Q1,1,20242837,왕과 사는 남자,1946,8102,133935,13601625,51.00917431192661
2026-03-17,2026,2026Q1,1,20242837,왕과 사는 남자,1969,8121,120443,13722068,48.617283950617285
2026-03-18,2026,2026Q1,1,20242837,왕과 사는 남자,1533,6026,124102,13846170,33.253796095444685
2026-03-19,2026,2026Q1,1,20242837,왕과 사는 남자,1563,6045,107184,13953354,34.089422028353326
2026-03-20,2026,2026Q1,1,20242837,왕과 사는 남자,1607,6633,147734,14101088,33.45129059117402
2026-03-21,2026,2026Q1,1,20242837,왕과 사는 남자,1725,7465,346538,14447626,34.48620551779288
2026-03-22,2026,2026Q1,1,20242837,왕과 사는 남자,1714,7133,309383,14757009,34.03494837172359
2026-03-23,2026,2026Q1,1,20242837,왕과 사는 남자,1516,6055,85889,14842898,35.69578526018366
2026-03-24,2026,2026Q1,1,20242837,왕과 사는 남자,1550,6041,78589,14921487,36.5566037735849
2026-03-24,2026,2026Q1,2,20261782,프로젝트 헤일메리,1273,3591,40107,644079,30.02358490566038
2026-03-25,2026,2026Q1,1,20242837,왕과 사는 남자,1661,6242,110068,15031555,36.43342838341741
2026-03-26,2026,2026Q1,1,20242837,왕과 사는 남자,1560,5989,72421,15103976,35.6979405034325
2026-03-27,2026,2026Q1,1,20242837,왕과 사는 남자,1554,6349,98161,15202137,34.78066248880931
2026-03-28,2026,2026Q1,1,20242837,왕과 사는 남자,1583,6890,225287,15427424,33.7382779198636
2026-03-29,2026,2026Q1,1,20242837,왕과 사는 남자,1578,6530,188432,15615856,33.79014989293362
2026-03-30,2026,2026Q1,1,20242837,왕과 사는 남자,1451,5578,60583,15676439,37.93464052287582
2026-03-30,2026,2026Q1,2,20261782,프로젝트 헤일메리,1271,3430,42581,1193227,33.22875816993464
2026-03-31,2026,2026Q1,1,20242837,왕과 사는 남자,1464,5574,55373,15731812,35.5512384652744
2026-03-31,2026,2026Q1,2,20261782,프로젝트 헤일메리,1281,3438,41494,1234721,31.107333657115102
2026-04-01,2026,2026Q2,1,20242837,왕과 사는 남자,1408,5158,50276,15782088,35.12097779995011
2026-04-01,2026,2026Q2,2,20261782,프로젝트 헤일메리,1244,3291,39862,1274583,31.030182090296837
2026-04-02,2026,2026Q2,1,20242837,왕과 사는 남자,1340,4614,39303,15821391,31.49976492712741
2026-04-03,2026,2026Q2,2,20242837,왕과 사는 남자,1370,4922,52071,15873462,30.31644169063952
2026-04-06,2026,2026Q2,1,20242837,왕과 사는 남자,1235,4317,37815,16129480,30.13665202537824
2026-04-06,2026,2026Q2,2,20261782,프로젝트 헤일메리,1232,3232,35092,1670488,30.063445583211323
2026-04-07,2026,2026Q2,1,20242837,왕과 사는 남자,1263,4151,32132,16161612,30.085755121486425
2026-04-13,2026,2026Q2,1,20254121,살목지,1279,4566,73629,797631,30.13666352497644
2026-04-14,2026,2026Q2,1,20254121,살목지,1312,4589,64686,862317,30.47619047619048
2026-05-13,2026,2026Q2,1,20259626,마이클,1734,6157,99902,118492,32.5267304445695
2026-05-14,2026,2026Q2,1,20259626,마이클,1687,5731,59035,177527,31.981042654028435
2026-05-15,2026,2026Q2,1,20259626,마이클,1718,6216,86922,264449,31.344645137748586
2026-05-18,2026,2026Q2,1,20259626,마이클,1534,5202,43653,691550,33.96059331414656
2026-05-19,2026,2026Q2,1,20259626,마이클,1526,5059,38030,729580,32.95896328293736
2026-05-20,2026,2026Q2,1,20259626,마이클,1563,5288,48846,778426,33.058375634517766
2026-05-21,2026,2026Q2,1,20252402,군체,1964,8116,199754,218266,41.60135564499047
2026-05-22,2026,2026Q2,1,20252402,군체,2026,8607,230047,448313,40.023706045041486
2026-05-23,2026,2026Q2,1,20252402,군체,2103,9523,475784,924097,37.74228284278536
2026-05-24,2026,2026Q2,1,20252402,군체,2110,9509,577509,1501606,37.52445313889383
2026-05-25,2026,2026Q2,1,20252402,군체,2060,9008,517004,2018610,37.72893772893773
