movie_nm,days_over_threshold,max_share,avg_share,max_screen_count,max_audience_acc,first_date,last_date
왕과 사는 남자,57,51.76991150442478,37.72597335076906,2262,16161612,2026-02-04,2026-04-07
파묘,34,43.58766233766234,37.98813973779596,2367,10378365,2024-02-22,2024-03-26
서울의 봄,28,48.94977168949772,41.80447234596078,2463,9218898,2023-11-22,2023-12-19
범죄도시2,25,62.2743195904069,46.80579614684087,2521,10733404,2022-05-18,2022-06-14
원더 우먼 1984,22,57.78894472361809,43.41713217529187,2260,516489,2020-12-23,2021-01-13
스파이더맨: 노 웨이 홈,21,65.56647940074907,51.27769176600127,2948,6202428,2021-12-15,2022-01-04
범죄도시4,21,62.18166383701188,50.64454657750831,2980,9936230,2024-04-24,2024-05-14
아바타: 물의 길,21,56.8177028451001,43.67437113853011,2809,8001893,2022-12-14,2023-01-03
공조2: 인터내셔날,21,52.85966238347191,41.70823221176655,2389,5668137,2022-09-07,2022-09-27
인사이드 아웃 2,21,50.74752579490419,39.65377946524866,2619,5804362,2024-06-12,2024-07-02
테넷,20,51.985731272294885,40.81529074075632,2228,1396711,2020-08-26,2020-09-16
소울,19,60.60283687943262,44.625419958648166,2018,1263217,2021-01-20,2021-02-09
다만 악에서 구하소서,19,43.36448598130841,35.569192285036046,1998,4162960,2020-08-05,2020-08-25
베테랑2,18,55.83802024746907,48.69669340723903,2691,6489383,2024-09-13,2024-09-30
승부,18,38.84982420894024,33.78768450198785,1773,1867260,2025-03-26,2025-04-15
주토피아 2,16,43.35091868291796,36.41365490472004,2383,5545945,2025-11-26,2025-12-16
분노의 질주: 더 얼티메이트,15,52.80927835051546,41.49289647049938,2297,1851003,2021-05-19,2021-06-02
반도,14,61.737523105360445,53.785240909304825,2575,3004485,2020-07-15,2020-07-28
이터널스,14,57.91956863626151,47.25249367960708,2648,2547116,2021-11-03,2021-11-16
닥터 스트레인지: 대혼돈의 멀티버스,14,56.976497988566585,49.973453879039006,2691,5057599,2022-05-04,2022-05-17
아바타: 불과 재,14,51.47527910685805,41.73575966330428,2582,4313727,2025-12-17,2025-12-30
베놈 2: 렛 데어 비 카니지,14,48.16450455423682,37.975167799905314,1998,1710840,2021-10-13,2021-10-26
야당,14,47.15359828141783,42.00895604835731,1850,1760866,2025-04-16,2025-04-29
범죄도시3,14,46.058091286307054,43.870042303846155,2582,8046116,2023-05-31,2023-06-13
삼진그룹 영어토익반,14,44.23667317890037,38.2984360707871,1615,1011187,2020-10-21,2020-11-03
007 노 타임 투 다이,14,43.782209276271566,38.304482751846,2201,1066172,2021-09-29,2021-10-12
극장판 귀멸의 칼날: 무한성편,14,42.579210672595885,36.902899304170624,2298,3458516,2025-08-22,2025-09-04
#살아있다,14,41.37931034482759,37.78490860293551,1882,1602183,2020-06-24,2020-07-07
미키 17,14,39.98141263940521,36.01044474199615,2153,2343367,2025-02-28,2025-03-14
샹치와 텐 링즈의 전설,14,35.89509692132269,33.41258432786334,1784,1282102,2021-09-01,2021-09-14
해적: 도깨비 깃발,14,35.66796368352789,33.34459881465367,1708,1122630,2022-01-26,2022-02-08
미션 임파서블: 파이널 레코닝,13,42.513422151521176,40.351104048234575,2385,2101493,2025-05-17,2025-05-29
더 배트맨,12,49.75347377857463,41.51616749103737,2370,754353,2022-03-01,2022-03-15
탑건: 매버릭,12,41.9231585650605,35.57135857527335,1975,3648460,2022-06-22,2022-07-05
도굴,11,45.667870036101085,40.340205651010244,1635,1060213,2020-11-04,2020-11-17
모가디슈,10,34.35323907997468,32.37925774237971,1688,1859936,2021-07-28,2021-08-10
이웃사촌,10,33.37961677311858,31.854381594370757,1363,347523,2020-11-25,2020-12-09
블랙 위도우,9,55.23311132254995,46.35837524521034,2528,2243847,2021-07-07,2021-07-20
신비한 동물들과 덤블도어의 비밀,9,46.725750861644514,41.46534518149147,2207,582241,2022-04-13,2022-04-21
조제,9,35.765673175745114,33.505619884350395,1179,149400,2020-12-10,2020-12-22
캡틴 아메리카: 브레이브 뉴 월드,9,35.751713018943974,34.93584100039587,1901,996215,2025-02-12,2025-02-20
블랙 팬서: 와칸다 포에버,8,55.183727034120736,48.73061117009587,2571,1286886,2022-11-09,2022-11-16
미션 임파서블: 데드 레코닝 PART ONE,8,47.12328767123288,43.423637044343536,2437,2128004,2023-07-12,2023-07-19
스즈메의 문단속,8,34.67741935483871,32.023610179538935,1559,4374866,2023-03-14,2023-04-10
강철비2: 정상회담,7,52.50699923644694,49.23398691732292,2137,1240292,2020-07-29,2020-08-04
쥬라기 월드: 도미니언,7,46.21581513673945,40.28961078975914,2218,2226799,2022-06-01,2022-06-07
토르: 러브 앤 썬더,7,42.97172648887106,38.28217165568907,2143,1953256,2022-07-06,2022-07-12
한산: 용의 출현,7,41.935483870967744,35.84081304746438,2223,2996258,2022-07-27,2022-08-02
앤트맨과 와스프: 퀀텀매니아,7,40.86499595796281,36.991987117563276,2090,975633,2023-02-15,2023-02-21
모비우스,7,40.58774604934849,38.00887418030936,1696,344019,2022-03-30,2022-04-05
어쩔수가없다,7,40.46707503828484,34.70117235529276,2114,1234237,2025-09-24,2025-09-30
그대들은 어떻게 살 것인가,7,39.72133952578832,36.65959536822398,1733,1063664,2023-10-25,2023-10-31
쿵푸팬더4,7,38.25525575235888,33.65993735363811,2311,925667,2024-04-10,2024-04-16
브로커,7,38.04295942720764,34.37838718968013,1594,885094,2022-06-08,2022-06-14
모아나 2,7,37.50944822373394,33.8697543251303,1985,1489572,2024-11-27,2024-12-03
베놈: 라스트 댄스,7,36.56680932001903,34.7238789472008,1663,895656,2024-10-23,2024-10-29
가디언즈 오브 갤럭시: Volume 3,7,35.28953012283096,31.21064752407739,1810,2865319,2023-05-03,2023-05-16
웡카,7,33.9311482168625,32.826755411195975,1753,914503,2024-01-31,2024-02-06
위키드,7,33.7648778450616,32.930765972002575,1803,757825,2024-11-20,2024-11-26
듄,7,32.62813522355507,32.17012990182176,1576,440829,2021-10-20,2021-10-26
침입자,6,43.65248226950354,39.21290462016474,1365,340721,2020-06-04,2020-06-09
뮬란,6,39.53229398663697,37.10616081062475,1420,174427,2020-09-17,2020-09-22
글래디에이터 Ⅱ,6,39.093922651933696,33.202270980957515,1769,531398,2024-11-13,2024-11-19
마녀(魔女) Part2. The Other One,6,35.26570048309179,32.867894135177636,1796,1686770,2022-06-15,2022-06-21
마이클,6,33.96059331414656,32.63839174465804,1734,778426,2026-05-13,2026-05-20
분노의 질주: 라이드 오어 다이,6,33.66294971596886,32.58637291590737,1731,963809,2023-05-17,2023-05-23
밀수,6,33.05009736236502,31.70579843029905,1932,2224264,2023-07-26,2023-08-01
위키드: 포 굿,6,32.63542066845947,31.05044923685135,1700,596238,2025-11-19,2025-11-25
데드풀과 울버린,6,31.082375478927204,30.683271275866616,1948,1178522,2024-07-24,2024-07-29
군체,5,41.60135564499047,38.92414708012977,2110,2018610,2026-05-21,2026-05-25
하얼빈,5,35.36789297658863,32.99156281656641,2125,2542839,2024-12-24,2024-12-30
프로젝트 헤일메리,5,33.22875816993464,31.090660881243657,1281,1670488,2026-03-24,2026-04-06
싱크홀,5,33.101748095024654,31.743625498700123,1603,1221307,2021-08-13,2021-08-17
노량: 죽음의 바다,4,38.53983853983854,34.881997129515256,2196,2367281,2023-12-20,2023-12-26
언차티드,4,36.8080517613228,32.86001864391651,1536,416569,2022-02-16,2022-02-22
존 윅 4,4,34.481206392077425,31.98231145333818,1532,1268795,2023-04-12,2023-04-24
고질라 VS. 콩,4,34.27551324010711,33.230941519140195,1201,372991,2021-03-25,2021-03-30
파일럿,4,32.04138898632059,30.872967487599617,1956,2047286,2024-08-03,2024-08-06
외계+인 1부,3,36.07734806629834,32.96264199911872,1959,412766,2022-07-20,2022-07-22
올빼미,3,34.189995410738874,32.904655545650435,1490,2651979,2022-11-28,2022-12-13
블랙 아담,3,32.090831191088256,31.090183252519505,1523,457680,2022-10-19,2022-10-24
히트맨2,2,33.58742258218199,31.99716109206402,1410,179685,2025-01-22,2025-01-23
더 마블스,2,32.33431827775433,31.871399496857133,1532,142351,2023-11-08,2023-11-09
결백,2,31.79955877718248,31.15478849605936,1009,365662,2020-06-15,2020-06-16
남산의 부장들,2,30.581961511708787,30.576727829528938,1332,4357111,2020-02-03,2020-02-04
살목지,2,30.47619047619048,30.30642700058346,1312,862317,2026-04-13,2026-04-14
서복,1,34.62791280380857,34.62791280380857,1382,46710,2021-04-15,2021-04-15
검은 수녀들,1,32.92393026941363,32.92393026941363,1662,181384,2025-01-24,2025-01-24
아마존 활명수,1,30.954374215152782,30.954374215152782,1479,106842,2024-10-30,2024-10-30
