movie_nm,threshold,tier,start_date,end_date,days,max_share,avg_share
침입자,40% 이상,500만미만,2020-06-08,2020-06-09,2,43.652482269503544,43.39832432121635
#살아있다,40% 이상,500만미만,2020-06-24,2020-06-25,2,40.62576387191395,40.51278321927386
#살아있다,40% 이상,500만미만,2020-06-27,2020-06-30,4,41.37931034482759,40.88869564652261
반도,50% 이상,500만미만,2020-07-15,2020-07-21,7,61.737523105360445,59.67562298372102
반도,40% 이상,500만미만,2020-07-22,2020-07-28,7,49.560269011898605,47.89485883488862
강철비2: 정상회담,50% 이상,500만미만,2020-07-29,2020-07-30,2,52.50699923644694,51.70003450748281
강철비2: 정상회담,40% 이상,500만미만,2020-07-31,2020-08-04,5,49.7383444338725,48.247567881258966
다만 악에서 구하소서,40% 이상,500만미만,2020-08-05,2020-08-11,7,43.36448598130841,42.50754212637431
테넷,50% 이상,500만미만,2020-08-26,2020-09-01,7,51.985731272294885,51.68783125340283
삼진그룹 영어토익반,40% 이상,500만미만,2020-10-21,2020-10-27,7,44.23667317890037,41.85360448488375
도굴,40% 이상,500만미만,2020-11-04,2020-11-11,8,45.667870036101085,43.74562861701767
원더 우먼 1984,50% 이상,500만미만,2020-12-23,2020-12-24,2,57.78894472361809,54.87019820664483
원더 우먼 1984,40% 이상,500만미만,2020-12-25,2020-12-26,2,48.26546003016591,47.615689283578384
원더 우먼 1984,50% 이상,500만미만,2020-12-27,2020-12-27,1,50.01121327651939,50.01121327651939
원더 우먼 1984,40% 이상,500만미만,2020-12-28,2021-01-05,9,48.66666666666667,45.89895080606179
소울,50% 이상,500만미만,2021-01-20,2021-01-26,7,60.60283687943262,57.744529324807125
소울,40% 이상,500만미만,2021-01-27,2021-01-27,1,41.73006480698788,41.73006480698788
소울,40% 이상,500만미만,2021-01-30,2021-02-02,4,41.97240974464338,41.565472366624775
분노의 질주: 더 얼티메이트,40% 이상,500만미만,2021-05-19,2021-05-19,1,45.07741167129814,45.07741167129814
분노의 질주: 더 얼티메이트,50% 이상,500만미만,2021-05-20,2021-05-21,2,52.55383074611918,51.36402338699688
분노의 질주: 더 얼티메이트,40% 이상,500만미만,2021-05-22,2021-05-23,2,47.635835752799665,47.24254720094679
분노의 질주: 더 얼티메이트,50% 이상,500만미만,2021-05-24,2021-05-25,2,52.80927835051546,52.60494893261447
블랙 위도우,50% 이상,500만미만,2021-07-08,2021-07-10,3,54.2031523642732,53.16177047871681
블랙 위도우,40% 이상,500만미만,2021-07-11,2021-07-11,1,48.31916537867079,48.31916537867079
블랙 위도우,50% 이상,500만미만,2021-07-12,2021-07-13,2,55.23311132254995,54.334112913183375
007 노 타임 투 다이,40% 이상,500만미만,2021-09-30,2021-10-01,2,42.79809878073982,42.251469227055836
007 노 타임 투 다이,40% 이상,500만미만,2021-10-05,2021-10-05,1,43.782209276271566,43.782209276271566
베놈 2: 렛 데어 비 카니지,40% 이상,500만미만,2021-10-13,2021-10-19,7,48.16450455423682,44.95965988306697
이터널스,50% 이상,500만미만,2021-11-03,2021-11-09,7,57.91956863626151,54.816137895236956
이터널스,40% 이상,500만미만,2021-11-10,2021-11-11,2,41.722426073818255,41.24500834607757
이터널스,40% 이상,500만미만,2021-11-15,2021-11-16,2,41.40292867264998,41.29798852608544
스파이더맨: 노 웨이 홈,50% 이상,500만+,2021-12-15,2021-12-21,7,65.56647940074907,63.337470891876066
스파이더맨: 노 웨이 홈,40% 이상,500만+,2021-12-22,2022-01-04,14,48.53007688828585,45.24780220306387
더 배트맨,40% 이상,500만미만,2022-03-01,2022-03-08,8,49.75347377857463,46.79606118846088
모비우스,40% 이상,500만미만,2022-04-04,2022-04-04,1,40.58774604934849,40.58774604934849
신비한 동물들과 덤블도어의 비밀,40% 이상,500만미만,2022-04-13,2022-04-19,7,46.725750861644514,44.00013903259005
닥터 스트레인지: 대혼돈의 멀티버스,50% 이상,500만+,2022-05-04,2022-05-04,1,56.976497988566585,56.976497988566585
닥터 스트레인지: 대혼돈의 멀티버스,40% 이상,500만+,2022-05-05,2022-05-08,4,48.819921947593386,47.91704515552127
닥터 스트레인지: 대혼돈의 멀티버스,50% 이상,500만+,2022-05-09,2022-05-10,2,55.95773381294964,55.48717255431535
닥터 스트레인지: 대혼돈의 멀티버스,40% 이상,500만+,2022-05-11,2022-05-11,1,49.656946826758144,49.656946826758144
닥터 스트레인지: 대혼돈의 멀티버스,50% 이상,500만+,2022-05-12,2022-05-12,1,50.98944591029023,50.98944591029023
닥터 스트레인지: 대혼돈의 멀티버스,40% 이상,500만+,2022-05-13,2022-05-15,3,48.64141622066694,44.34314950960246
닥터 스트레인지: 대혼돈의 멀티버스,50% 이상,500만+,2022-05-16,2022-05-17,2,54.81695568400771,53.16674466070397
범죄도시2,50% 이상,1000만+,2022-05-18,2022-05-31,14,62.274319590406904,57.51257495685691
쥬라기 월드: 도미니언,40% 이상,500만미만,2022-06-01,2022-06-03,3,46.21581513673945,43.67324257528435
쥬라기 월드: 도미니언,40% 이상,500만미만,2022-06-07,2022-06-07,1,40.51959890610757,40.51959890610757
탑건: 매버릭,40% 이상,500만+,2022-06-22,2022-06-22,1,41.9231585650605,41.9231585650605
토르: 러브 앤 썬더,40% 이상,500만미만,2022-07-06,2022-07-08,3,42.97172648887106,41.572890181139456
한산: 용의 출현,40% 이상,500만+,2022-07-27,2022-07-27,1,41.935483870967744,41.935483870967744
공조2: 인터내셔날,40% 이상,500만+,2022-09-07,2022-09-08,2,47.64628244610647,45.649488528442454
공조2: 인터내셔날,40% 이상,500만+,2022-09-11,2022-09-11,1,41.04105823741625,41.04105823741625
공조2: 인터내셔날,40% 이상,500만+,2022-09-13,2022-09-18,6,47.17232202262142,45.102813131963366
공조2: 인터내셔날,50% 이상,500만+,2022-09-19,2022-09-20,2,52.85966238347191,52.752846668520775
공조2: 인터내셔날,40% 이상,500만+,2022-09-26,2022-09-26,1,40.26077700904737,40.26077700904737
블랙 팬서: 와칸다 포에버,50% 이상,500만미만,2022-11-09,2022-11-11,3,55.183727034120736,53.48272984042288
블랙 팬서: 와칸다 포에버,40% 이상,500만미만,2022-11-12,2022-11-13,2,48.88931813791771,48.79669001673449
블랙 팬서: 와칸다 포에버,50% 이상,500만미만,2022-11-14,2022-11-15,2,50.87450808919982,50.826695844686455
아바타: 물의 길,50% 이상,1000만+,2022-12-14,2022-12-20,7,56.8177028451001,55.066964369952096
아바타: 물의 길,40% 이상,1000만+,2022-12-21,2022-12-23,3,44.02163028239535,42.71487752224463
앤트맨과 와스프: 퀀텀매니아,40% 이상,500만미만,2023-02-15,2023-02-16,2,40.86499595796281,40.44782071408962
범죄도시3,40% 이상,1000만+,2023-05-31,2023-06-13,14,46.058091286307054,43.870042303846155
미션 임파서블: 데드 레코닝 PART ONE,40% 이상,500만미만,2023-07-12,2023-07-18,7,47.12328767123288,44.60523422386036
서울의 봄,40% 이상,1000만+,2023-11-22,2023-12-08,17,48.949771689497716,44.4039025638816
서울의 봄,40% 이상,1000만+,2023-12-11,2023-12-12,2,42.45976554738725,42.22317954395566
파묘,40% 이상,1000만+,2024-02-24,2024-02-27,4,42.92575545327196,42.43677222097172
파묘,40% 이상,1000만+,2024-03-01,2024-03-05,5,43.58766233766234,42.27662028433346
범죄도시4,50% 이상,1000만+,2024-04-24,2024-04-30,7,62.18166383701188,60.889987061940744
범죄도시4,40% 이상,1000만+,2024-05-01,2024-05-01,1,48.851925510757546,48.851925510757546
범죄도시4,50% 이상,1000만+,2024-05-02,2024-05-03,2,54.19551934826884,53.49799304636312
범죄도시4,40% 이상,1000만+,2024-05-04,2024-05-06,3,48.63406994953889,47.268425460941785
범죄도시4,50% 이상,1000만+,2024-05-07,2024-05-07,1,55.19828510182207,55.19828510182207
범죄도시4,40% 이상,1000만+,2024-05-08,2024-05-10,3,42.4306584797798,41.41102315414383
범죄도시4,40% 이상,1000만+,2024-05-13,2024-05-14,2,42.81256964564297,42.41845650763891
인사이드 아웃 2,40% 이상,500만+,2024-06-13,2024-06-21,9,45.555748825882766,43.22258240461601
인사이드 아웃 2,50% 이상,500만+,2024-06-22,2024-06-22,1,50.74752579490419,50.74752579490419
인사이드 아웃 2,40% 이상,500만+,2024-06-23,2024-06-24,2,49.79140592407176,45.245464488268
베테랑2,50% 이상,500만+,2024-09-13,2024-09-13,1,53.704445334401285,53.704445334401285
베테랑2,40% 이상,500만+,2024-09-14,2024-09-17,4,49.28874930722335,48.99430159775555
베테랑2,50% 이상,500만+,2024-09-18,2024-09-24,7,55.83802024746907,53.38978961927443
베테랑2,40% 이상,500만+,2024-09-25,2024-09-27,3,45.2991452991453,44.32830781535892
베테랑2,40% 이상,500만+,2024-09-30,2024-09-30,1,43.74277122368726,43.74277122368726
야당,40% 이상,500만미만,2025-04-16,2025-04-25,10,47.15359828141783,43.84214034465865
미션 임파서블: 파이널 레코닝,40% 이상,500만미만,2025-05-17,2025-05-20,4,42.513422151521176,42.19595964558225
미션 임파서블: 파이널 레코닝,40% 이상,500만미만,2025-05-26,2025-05-27,2,40.946771378708554,40.72710397456862
미션 임파서블: 파이널 레코닝,40% 이상,500만미만,2025-05-29,2025-05-29,1,40.442439862542955,40.442439862542955
극장판 귀멸의 칼날: 무한성편,40% 이상,500만+,2025-08-22,2025-08-22,1,42.579210672595885,42.579210672595885
극장판 귀멸의 칼날: 무한성편,40% 이상,500만+,2025-08-25,2025-08-25,1,40.22804560912183,40.22804560912183
어쩔수가없다,40% 이상,500만미만,2025-09-24,2025-09-24,1,40.46707503828484,40.46707503828484
주토피아 2,40% 이상,500만+,2025-11-29,2025-11-30,2,43.35091868291796,42.944987084321255
아바타: 불과 재,50% 이상,500만+,2025-12-17,2025-12-18,2,51.47527910685805,50.90142752245821
아바타: 불과 재,40% 이상,500만+,2025-12-19,2025-12-23,5,48.74927283304247,46.31563033184638
왕과 사는 남자,40% 이상,1000만+,2026-02-28,2026-02-28,1,40.219208619728775,40.219208619728775
왕과 사는 남자,40% 이상,1000만+,2026-03-03,2026-03-03,1,41.07713372889092,41.07713372889092
왕과 사는 남자,40% 이상,1000만+,2026-03-07,2026-03-12,6,45.77514792899408,43.2966371188435
왕과 사는 남자,50% 이상,1000만+,2026-03-13,2026-03-16,4,51.76991150442478,50.809609612404266
왕과 사는 남자,40% 이상,1000만+,2026-03-17,2026-03-17,1,48.617283950617285,48.617283950617285
군체,40% 이상,500만미만,2026-05-21,2026-05-22,2,41.60135564499047,40.81253084501598
